timestamp,temperature,humidity,co2,noise,light,occupancy,hour,day_of_week,is_weekend
2024-11-01 00:00:00,25.74507122951685,57.46241415113647,799.4321903001119,38.88542043062968,56.652891700178856,0,0,4,False
2024-11-01 01:00:00,24.792603548243225,41.318652858746994,876.0210786227988,52.46504778432005,16.56086066844895,0,1,4,False
2024-11-01 02:00:00,25.97153280715104,44.214516623154296,727.153233805556,54.98221748496785,66.41496139735605,0,2,4,False
2024-11-01 03:00:00,27.284544784612038,60.94611275218172,505.475207806623,61.40149038521267,32.78790163115292,0,3,4,False
2024-11-01 04:00:00,24.648769937914995,56.366923505023536,759.9531927628963,65.80540686568374,82.33241066895722,0,4,4,False
2024-11-01 05:00:00,24.648794564576228,53.528133309178564,602.2964659312256,39.84905808172131,83.60398662095716,0,5,4,False
2024-11-01 06:00:00,27.368819223261088,55.14747146452314,620.7074977375364,41.89142488789662,98.10526202691956,0,6,4,False
2024-11-01 07:00:00,26.151152093729362,57.78065364289337,787.954602813264,37.42422141085384,55.16825779220533,0,7,4,False
2024-11-01 08:00:00,26.838889331452545,50.681922557525105,1289.900110983709,58.93882653310535,477.2751134244131,40,8,4,False
2024-11-01 09:00:00,28.446270310505607,48.7735621967815,1241.4454401055643,77.6563393774988,573.5154608998234,35,9,4,False
2024-11-01 10:00:00,27.994815168061507,56.566762040781455,1233.889789399276,77.36114192989098,510.97491400759554,31,10,4,False
2024-11-01 11:00:00,27.254050074058426,47.17301777907974,1536.6241756826562,63.6885536078787,363.8492298610437,39,11,4,False
2024-11-01 12:00:00,28.702452309785546,58.26602204571577,1240.0244104963353,60.77822352367879,556.0452393165198,33,12,4,False
2024-11-01 13:00:00,24.934825734458236,41.37933116609727,1561.3069566534673,67.99773830644284,538.0900750132855,28,13,4,False
2024-11-01 14:00:00,25.00863696561796,63.23324509860515,1267.885249540482,66.63431345525444,563.8487649026173,36,14,4,False
2024-11-01 15:00:00,27.407524826987864,58.780779859304346,1018.5970179671517,84.20029811851148,781.49538710524,32,15,4,False
2024-11-01 16:00:00,25.79046846765601,57.048237874511,1349.4615221256918,45.47163946200441,319.3925707376941,36,16,4,False
2024-11-01 17:00:00,25.471370998892912,62.861527871564114,757.1737577324167,51.847405788957246,50.94611917549634,0,17,4,False
2024-11-01 18:00:00,23.637963886718182,68.32379555570061,893.4629131124118,70.2360621922964,77.81280449018325,0,18,4,False
2024-11-01 19:00:00,22.88154444799706,63.11496052014505,800.9772026904938,50.067998445599976,21.92235907077339,0,19,4,False
2024-11-01 20:00:00,27.19847315338233,40.27300614934684,679.231602402434,48.099609649985055,59.222396241381176,0,20,4,False
2024-11-01 21:00:00,24.661335549270195,44.763384266114386,516.3552645565951,46.42554577189573,59.162284011776585,0,21,4,False
2024-11-01 22:00:00,25.101292307031887,50.00145137843457,668.6465114070962,48.19608318237592,18.052581052934848,0,22,4,False
2024-11-01 23:00:00,22.862877720679815,55.20872840168667,572.421931868605,63.728484746765304,47.61856769562222,0,23,4,False
2024-11-02 00:00:00,24.183425913212226,59.14127216375299,612.9214825292916,30.0,86.79563187104817,0,0,5,True
2024-11-02 01:00:00,25.166383884564798,49.19404949477227,788.2867606630914,65.33433701296326,87.05382597951943,0,1,5,True
2024-11-02 02:00:00,23.273509633866546,56.49413411581663,950.4856756527109,35.76042847549855,18.93138984277129,0,2,5,True
2024-11-02 03:00:00,25.563547027518506,48.95693654117342,759.2007294734472,47.333476707655855,18.164879447304777,0,3,5,True
2024-11-02 04:00:00,24.099041965121792,50.10785757606441,520.6175406947224,45.707555797013384,33.642592930174175,0,4,5,True
2024-11-02 05:00:00,24.562459375310084,43.74671122521422,766.6904002330211,55.8855326977072,88.72894562985941,0,5,5,True
2024-11-02 06:00:00,24.097440081655904,47.61413403111277,879.4947229968477,34.01875648116253,21.601232656614904,0,6,5,True
2024-11-02 07:00:00,27.778417276763406,44.18652315506933,608.5325643520927,54.62172666081943,74.79971223647016,0,7,5,True
2024-11-02 08:00:00,24.979754162893098,47.19301397618134,679.8974249990623,70.24309623286852,19.10490576517929,0,8,5,True
2024-11-02 09:00:00,23.413433606566148,63.42913437286272,702.2032292093795,36.368259954071895,66.08240683730429,0,9,5,True
2024-11-02 10:00:00,26.233817368154785,47.40480888934446,582.265253037664,51.89706167610396,42.04605692072303,0,10,5,True
2024-11-02 11:00:00,23.168734525043465,76.05905651869912,797.2420650765789,43.38017822203391,81.00225666692803,0,11,5,True
2024-11-02 12:00:00,25.313295392507133,58.946543207047114,681.8577777088327,54.25887206193036,31.032140394282724,0,12,5,True
2024-11-02 13:00:00,22.060494814180338,56.47868898955899,762.9298665860541,50.19147777415752,67.52816464509638,0,13,5,True
2024-11-02 14:00:00,23.007720926652354,48.13313775855029,566.876173329685,43.5851309095569,31.211428111829644,0,14,5,True
2024-11-02 15:00:00,25.295291853803686,60.602479035271934,634.3812549514885,54.87872284871074,74.22942548009384,0,15,5,True
2024-11-02 16:00:00,26.107699869993116,50.39489739009781,808.3572036741657,68.04348109786743,88.6310231104674,0,16,5,True
2024-11-02 17:00:00,25.257052421784955,55.97607851716289,644.0750271862349,48.09096208272701,21.412161921408405,0,17,5,True
2024-11-02 18:00:00,24.82652757641764,75.48067630615036,959.0445776850108,57.19757942148182,87.99361197359532,0,18,5,True
2024-11-02 19:00:00,24.548344456616068,54.2315208022028,640.0545721578096,37.06727042128836,63.421772897286814,0,19,5,True
2024-11-02 20:00:00,22.78221701444886,64.19418661028541,733.7027088627829,40.43563623181991,21.439944178032157,0,20,5,True
2024-11-02 21:00:00,23.920233687407936,49.3745885989929,839.8886247809635,54.72406277880377,48.47876698237408,0,21,5,True
2024-11-02 22:00:00,24.30904184356032,54.72009207602431,487.2451400600453,64.84116028535965,24.47742641365881,0,22,5,True
2024-11-02 23:00:00,26.585683339328373,69.16640508508408,435.87867820288363,53.5561334878566,73.03130999799126,0,23,5,True
2024-11-03 00:00:00,25.51542743435269,49.98426353769786,471.1515528144858,46.86941969476845,78.29813209761546,0,0,6,True
2024-11-03 01:00:00,22.3554397669559,69.49958846397543,889.3876155140773,49.99291405423354,19.521686824551907,0,1,6,True
2024-11-03 02:00:00,25.48612595409219,60.662015483643806,617.221278116133,37.495922660302824,55.55258674251799,0,2,6,True
2024-11-03 03:00:00,24.422376579375523,50.50026579284586,1083.7298928502378,56.045153263553665,83.31625504233254,0,3,6,True
2024-11-03 04:00:00,23.98461699954106,60.05926191244417,615.3628602013918,58.82333062323409,94.25467373958969,0,4,6,True
2024-11-03 05:00:00,25.917514433261303,62.78043559701384,727.6826954795555,45.4790966716692,56.2166080067593,0,5,6,True
2024-11-03 06:00:00,26.546499283743927,59.97447969773757,931.3164928851813,45.299578522404985,95.52513012502664,0,6,6,True
2024-11-03 07:00:00,26.396920178674296,42.43820224087635,1000.9139332238684,52.658782296520485,58.212007341042685,0,7,6,True
2024-11-03 08:00:00,23.741173715166042,49.18290259340105,1009.2255364954597,45.63280263959405,45.47714451399172,0,8,6,True
2024-11-03 09:00:00,24.536181436223178,53.01985091558796,881.2549345889713,49.338673853741774,86.3382815697606,0,9,6,True
2024-11-03 10:00:00,25.496895147105345,54.40453256719963,853.6093788717194,70.99721789166516,54.368443941228016,0,10,6,True
2024-11-03 11:00:00,26.46331769068354,59.96537678040542,788.8790423801775,47.52974299254004,52.471225950807074,0,11,6,True
2024-11-03 12:00:00,24.281238643232065,56.421608007466034,816.7541614249957,46.41659847978778,54.128124046884544,0,12,6,True
2024-11-03 13:00:00,24.721511535004275,44.31724513031919,617.32214255072,43.52458194364841,86.21065016827708,0,13,6,True
2024-11-03 14:00:00,23.34049753899096,58.04158280804771,577.2701674866539,57.441919714999365,84.8747387519247,0,14,6,True
2024-11-03 15:00:00,23.205690063878993,59.88468596227059,699.4938313883572,48.18775826781897,46.31679931961901,0,15,6,True
2024-11-03 16:00:00,26.218788733591296,59.478323583448315,674.4723066212607,43.506269616785744,39.99698738834725,0,16,6,True
2024-11-03 17:00:00,27.034360042856235,63.64624580443697,632.0157926009088,63.21304032273012,54.27352216352163,0,17,6,True
2024-11-03 18:00:00,24.8919848176295,61.67137723639123,804.4581171185073,64.19603004513637,61.549525876339814,0,18,6,True
2024-11-03 19:00:00,26.505299346838036,58.6734406338275,843.2957812855766,43.99576434261295,31.450348956519726,0,19,6,True
2024-11-03 20:00:00,25.542454037571453,54.438674308330825,713.2610329437771,31.33460048639384,81.45595762440315,0,20,6,True
2024-11-03 21:00:00,24.032320368092314,41.71231253187207,921.6295121582893,60.07513689836922,53.78344891591806,0,21,6,True
2024-11-03 22:00:00,25.54209340826262,58.436945753060684,528.7466328799742,43.15370174239996,40.064099357796366,0,22,6,True
2024-11-03 23:00:00,27.307054849698954,56.66150149730489,670.9510811080423,57.90625599162769,19.613889366759153,0,23,6,True
2024-11-04 00:00:00,24.946260941335073,57.17263069756299,592.4766519095792,30.298961822881644,31.496064436324623,0,0,0,False
2024-11-04 01:00:00,27.34696548372101,44.786011393437526,420.019507439041,58.92597338299309,95.43530545803853,0,1,0,False
2024-11-04 02:00:00,21.070382343865383,46.3515476767339,687.5978971235951,37.88828070719219,37.458971813757394,0,2,0,False
2024-11-04 03:00:00,26.232853756562836,63.42522282666323,681.7378737425074,57.307641190665244,25.19733604303318,0,3,0,False
2024-11-04 04:00:00,25.130570602357256,54.68355876914676,927.0174614863197,50.142730678364344,51.460551248949386,0,4,0,False
2024-11-04 05:00:00,24.5514889743012,60.452005578980994,794.6217526832166,40.460605806033556,37.63789690242238,0,5,0,False
2024-11-04 06:00:00,25.137641164803252,55.22654700904369,546.3719763506192,45.929636870732196,13.164332524407474,0,6,0,False
2024-11-04 07:00:00,22.01864662809866,55.238049115965964,978.1138849501283,56.86318456956701,39.08306955514755,0,7,0,False
2024-11-04 08:00:00,27.416491839377457,62.50627044780798,1190.3674255387343,69.83447206193227,447.76908273158847,36,8,0,False
2024-11-04 09:00:00,27.953742932039464,50.87164217426101,1247.5565643610016,73.1722668013287,408.3824829592606,31,9,0,False
2024-11-04 10:00:00,30.608431000993765,55.76896621552787,1172.5289086364946,85.0,443.83580213117443,27,10,0,False
2024-11-04 11:00:00,28.111012349281744,51.30179769035966,1080.6936580232245,54.36161514624774,418.955335207299,30,11,0,False
2024-11-04 12:00:00,27.77828153169195,51.52403018054147,1008.111619383523,80.17928679774599,647.4690946720899,31,12,0,False
2024-11-04 13:00:00,27.147918055506373,52.52662301225089,1423.4654992910337,74.70353430599046,476.74500423265755,32,13,0,False
2024-11-04 14:00:00,28.878163955826,56.7770701730697,1569.4408900427406,57.547240508603075,559.8060731799827,34,14,0,False
2024-11-04 15:00:00,28.378785405258174,51.17001102669218,1302.5011209942893,48.63315666974703,447.5786191935673,38,15,0,False
2024-11-04 16:00:00,27.89989851427489,65.04604900458817,1191.4572239872327,69.24327744323884,383.99080821808957,39,16,0,False
2024-11-04 17:00:00,25.769901149670034,47.843141582243966,532.0573850066484,59.2165011192446,58.96977615455217,0,17,0,False
2024-11-04 18:00:00,25.14561632402206,53.50502684670913,721.1329370366806,48.724508796224654,59.654113481797026,0,18,0,False
2024-11-04 19:00:00,26.452967485799334,51.4821515338066,434.7340951655722,65.11154930247348,42.090302905919984,0,19,0,False
2024-11-04 20:00:00,23.94692035918397,66.57582307482986,748.4751571277172,35.48824309948441,50.25724806273406,0,20,0,False
2024-11-04 21:00:00,24.508506780103346,56.5724382120926,677.8596120551997,49.87911052153945,96.89661264112898,0,21,0,False
2024-11-04 22:00:00,24.411837770301762,63.25475631574908,630.0945247197636,37.47606555586881,43.961362950728045,0,22,0,False
2024-11-04 23:00:00,22.80472757780182,43.11551701570423,460.7945399099807,53.63631882624968,33.24041319339847,0,23,0,False
2024-11-05 00:00:00,25.444180415596865,57.13640212695407,777.0400159854574,58.868873900973,31.912033966008412,0,0,1,False
2024-11-05 01:00:00,25.391582908269832,62.117046364987495,620.0948740507133,45.792382063189464,51.19881514337207,0,1,1,False
2024-11-05 02:00:00,25.00767018496369,55.6582719142034,524.5124746434568,30.0,78.35681338452497,0,2,1,False
2024-11-05 03:00:00,24.648119299937278,63.52384300052281,400.0,51.98948146796494,28.538936576962588,0,3,1,False
2024-11-05 04:00:00,22.87694388692438,50.861692399197025,695.8727642424045,54.367385517335094,73.83665144266912,0,4,1,False
2024-11-05 05:00:00,24.36903201585196,66.27477952148465,965.8377395004616,54.042947549616976,11.903484101447466,0,5,1,False
2024-11-05 06:00:00,24.485928225209847,73.391184988954,949.1888821821805,62.35782191822154,47.703968018555145,0,6,1,False
2024-11-05 07:00:00,23.79658409616757,52.09729151648273,631.4355615120592,39.28946320350951,79.82785586825082,0,7,1,False
2024-11-05 08:00:00,27.17008278960507,51.435979828793826,938.7618197005615,76.44872634377225,377.1504852637471,30,8,1,False
2024-11-05 09:00:00,29.510267588527654,66.62707581694161,1087.028189245827,76.66122616204031,461.8558405278827,30,9,1,False
2024-11-05 10:00:00,30.513010389412095,67.6365771658457,889.009324152581,51.53690502044556,481.27754054735306,33,10,1,False
2024-11-05 11:00:00,29.23347403814837,50.81711978277385,1062.5911088130306,66.49444760472443,517.90023192428,28,11,1,False
2024-11-05 12:00:00,29.06354336115207,51.638505463233145,1368.4157129044363,61.63079208003123,422.5855700879688,29,12,1,False
2024-11-05 13:00:00,28.50547219464553,52.745723129115945,1201.7550269201276,72.67596110149341,684.672428226321,31,13,1,False
2024-11-05 14:00:00,24.757652524598004,44.24439591172578,1066.4761459371036,65.47977833279461,585.742728789034,32,14,1,False
2024-11-05 15:00:00,26.977783610722035,47.650784428126414,1000.575840534212,60.928161108676406,507.52540632263225,28,15,1,False
2024-11-05 16:00:00,27.854611132563516,46.96687386598346,956.9292228806453,65.56005557918908,457.4301039626629,31,16,1,False
2024-11-05 17:00:00,28.694863168727927,48.85761947916697,575.967946894021,50.34152417488025,40.48596601969883,0,17,1,False
2024-11-05 18:00:00,24.711458552828315,54.72252090090575,666.028166214771,39.12754061137197,60.73633913008595,0,18,1,False
2024-11-05 19:00:00,25.45232101350042,56.87371786029217,755.1048260224267,39.141748711148146,28.448130954331972,0,19,1,False
2024-11-05 20:00:00,24.947932345442133,67.40400394251262,837.0376939349874,56.79373282956503,76.7795852013555,0,20,1,False
2024-11-05 21:00:00,23.246982943570703,47.01316767408967,579.5231573979482,38.51205964841344,14.705119294188366,0,21,1,False
2024-11-05 22:00:00,26.714234221772532,62.87457918781267,923.9032853439282,56.66312500909212,86.72883803879503,0,22,1,False
2024-11-05 23:00:00,26.12789954903016,53.28808924619593,659.3314598436147,54.62591292853951,27.837674777950134,0,23,1,False
2024-11-06 00:00:00,26.18654792056457,54.604290322780535,696.7949058477345,32.741932712094034,88.69582285374976,0,0,2,False
2024-11-06 01:00:00,23.63591881780789,60.39855593733283,587.9182481278265,43.22435347664345,41.72763171704656,0,1,2,False
2024-11-06 02:00:00,27.10419146640415,46.018223827501615,400.0,61.94109403047372,75.04152170270379,0,2,2,False
2024-11-06 03:00:00,22.89722340581158,58.059277969472404,832.6068094541574,40.18834468860318,38.73027680075696,0,3,2,False
2024-11-06 04:00:00,25.880285640700407,56.33161766570445,810.526584563865,45.355957376906126,91.53205041111828,0,4,2,False
2024-11-06 05:00:00,28.28568343871497,58.939610112065196,657.800866432268,54.62060893251896,21.397341296653693,0,5,2,False
2024-11-06 06:00:00,23.514195512303967,57.31334915126254,710.0486075837308,57.83390509282596,26.066781034533882,0,6,2,False
2024-11-06 07:00:00,24.150553405595844,74.64240111928716,777.3908826556149,47.48461113955504,54.37271126429221,0,7,2,False
2024-11-06 08:00:00,27.753095786956848,49.89808012598947,792.7859617472948,68.56726154417626,623.9687107354873,28,8,2,False
2024-11-06 09:00:00,26.319580499643298,50.752024359985455,1121.04307362096,81.03259066331202,435.9575190784392,27,9,2,False
2024-11-06 10:00:00,25.68473536641266,50.014875788601884,1159.1377468460466,84.993990940126,463.65977982904315,36,10,2,False
2024-11-06 11:00:00,27.908907084774516,50.55618304671796,1067.4103642762789,78.37115993457451,629.6672718459818,28,11,2,False
2024-11-06 12:00:00,26.675657364893894,49.90090298154786,1289.1910050429867,74.8384035501559,379.0285258219992,34,12,2,False
2024-11-06 13:00:00,28.952761290340938,64.51213224886041,800.6112349476721,64.7904446482462,388.83501443214436,26,13,2,False
2024-11-06 14:00:00,25.862356920442654,66.36403398391884,1338.6824040195634,54.25457280375901,419.56316042206527,30,14,2,False
2024-11-06 15:00:00,31.278832699779553,50.43402965000419,1003.3370726783876,71.7765083203637,629.0448802277423,32,15,2,False
2024-11-06 16:00:00,26.19898292037854,48.34115541516617,829.6239631014406,71.14398863183322,413.61045396357633,39,16,2,False
2024-11-06 17:00:00,24.516907725691485,58.77132445109123,874.7109031685757,64.01598592946429,17.374459513433152,0,17,2,False
2024-11-06 18:00:00,26.220275826054504,50.58221564575223,589.8112634802926,56.50450092536139,27.638216623158574,0,18,2,False
2024-11-06 19:00:00,23.153703525349066,60.063454542044084,578.4621344478428,34.96919698240182,94.93897439908129,0,19,2,False
2024-11-06 20:00:00,25.341189901906194,56.623384166810396,730.0853795846414,60.51947617722919,97.88406950330985,0,20,2,False
2024-11-06 21:00:00,26.960714131423643,42.874047080022144,872.2956024143073,40.01939372685587,43.86333963973797,0,21,2,False
2024-11-06 22:00:00,22.58877514815816,67.38004161064049,547.6267271532405,46.16028728047648,93.0957418912542,0,22,2,False
2024-11-06 23:00:00,25.276950787798455,69.36702138476417,709.2519774771957,52.502002062516944,59.03422081060886,0,23,2,False
2024-11-07 00:00:00,25.389824191372636,50.09769047612491,764.3224750495859,69.95667489783965,34.27682192863904,0,0,3,False
2024-11-07 01:00:00,26.172734307665966,51.898387520512124,803.9658410894716,81.09918556005361,73.21588489725389,0,1,3,False
2024-11-07 02:00:00,23.144573933682878,57.28692312579924,726.4662332915838,56.06723059136183,69.30116259173715,0,2,3,False
2024-11-07 03:00:00,23.019315080373584,57.675654319896196,644.9458241375016,48.168033812796125,99.021278719786,0,3,3,False
2024-11-07 04:00:00,25.782912348425345,60.26835418138264,575.8614669026921,55.345056484805504,33.8542558668355,0,4,3,False
2024-11-07 05:00:00,25.44547700984978,71.08163631013079,712.9215824569562,58.87655425873836,70.48535523955618,0,5,3,False
2024-11-07 06:00:00,25.375739275518814,53.5844221800476,539.179148202159,46.793323744428086,14.682137952650221,0,6,3,False
2024-11-07 07:00:00,25.519672314245465,48.613622043692374,400.0,67.95211355912322,20.228143482704745,0,7,3,False
2024-11-07 08:00:00,26.87051096716167,43.965446175883784,1075.2007119564487,74.13714926664537,572.6596593008578,35,8,3,False
2024-11-07 09:00:00,28.324615632608975,49.15255968046465,1236.343272274724,74.02082412999548,412.09385211682616,39,9,3,False
2024-11-07 10:00:00,29.065734304376264,54.734984217009625,799.7200923827057,76.47254945097981,530.954859097885,35,10,3,False
2024-11-07 11:00:00,26.12693206514974,69.3564629081423,1087.5338549980509,79.18886472112882,500.13741560319386,40,11,3,False
2024-11-07 12:00:00,30.6559503251342,50.85910960771063,1194.2676042917305,69.51380565674631,423.4579641905568,34,12,3,False
2024-11-07 13:00:00,28.96775372184009,56.790303613111185,1520.2713278586898,57.17261548753676,465.6343949375285,38,13,3,False
2024-11-07 14:00:00,25.64335599744414,54.86861683141798,1059.3703932870053,60.535421521112895,431.64156851768706,33,14,3,False
2024-11-07 15:00:00,29.23976621048289,64.50714618758467,1115.9790958388676,54.21519371601636,479.01058814911033,27,15,3,False
2024-11-07 16:00:00,27.385307169758324,75.21545940698897,1043.3645156070452,64.71969572640701,550.6188284579898,40,16,3,False
2024-11-07 17:00:00,26.18062690561368,50.753049816637436,906.2314628722277,57.78936503512114,10.352653745598394,0,17,3,False
2024-11-07 18:00:00,26.737893368511106,51.084484459854224,603.1053731313198,54.57772866151886,99.95146129537058,0,18,3,False
2024-11-07 19:00:00,23.768976522472435,63.35328701655258,580.1211990024619,66.74492433347538,82.204632743273,0,19,3,False
2024-11-07 20:00:00,26.445064193866482,60.45513191701049,627.5884716726952,49.94403981170954,80.80507132601868,0,20,3,False
2024-11-07 21:00:00,25.619171390404748,69.77365860588827,557.0007087611932,56.687416555925125,55.87534677593617,0,21,3,False
2024-11-07 22:00:00,26.233090239991736,59.67142548260771,718.4005473992194,39.08299123860686,37.0060374614896,0,22,3,False
2024-11-07 23:00:00,27.84518947398092,52.12566327370352,943.7017687704341,46.12900297525599,23.613785601640835,0,23,3,False
2024-11-08 00:00:00,24.631917825995693,59.725238645538475,748.4618909674043,56.95537757565778,35.62072649618173,0,0,4,False
2024-11-08 01:00:00,23.869395753463767,63.869628644663266,662.1469746810569,58.491021107431436,43.83740997362252,0,1,4,False
2024-11-08 02:00:00,23.665728355561715,61.56385744957891,656.2283096626684,47.060330523358175,78.06790872822647,0,2,4,False
2024-11-08 03:00:00,23.77628457255184,59.05819224885838,465.5213786955014,49.28400748141933,58.56956100128372,0,3,4,False
2024-11-08 04:00:00,24.884347435878844,63.53339751671323,832.4664665720738,34.821262533191906,16.97352638999344,0,4,4,False
2024-11-08 05:00:00,25.511727962224967,64.35436472356538,688.3244204480796,46.42970799193391,11.622610806302102,0,5,4,False
2024-11-08 06:00:00,25.41503619899503,66.05727192830022,672.9280129614061,58.90383163519786,19.209896158065682,0,6,4,False
2024-11-08 07:00:00,26.240774873554034,60.18967910071714,1178.966135176729,55.75205016106566,46.94488423276414,0,7,4,False
2024-11-08 08:00:00,29.01453910016221,53.66305535746517,1087.8763630379833,66.38332131087974,406.3025716827726,40,8,4,False
2024-11-08 09:00:00,29.245203269317326,56.17370949146658,942.8539975979387,70.71203624286323,508.6197844939807,27,9,4,False
2024-11-08 10:00:00,27.074191206632424,64.65207173206686,990.6652992337251,73.26049853672018,425.634854033999,37,10,4,False
2024-11-08 11:00:00,31.700867981467823,48.46451463210211,1326.1257201926105,61.110193774255194,462.61491325624246,39,11,4,False
2024-11-08 12:00:00,28.736753222537445,57.94938647098321,1270.4298359371085,75.07615039472984,548.6181815312362,40,12,4,False
2024-11-08 13:00:00,26.19877798054511,51.85328950138111,808.1398263501467,68.03613093637959,446.6730640890826,26,13,4,False
2024-11-08 14:00:00,25.800637242018954,55.22995858347854,1349.9712357343074,76.43833393443367,523.8432517361766,29,14,4,False
2024-11-08 15:00:00,29.632816307699777,65.22761490085838,1096.0823250650083,66.01657038383304,466.49655504947555,27,15,4,False
2024-11-08 16:00:00,28.50184902755226,56.528792544159224,1542.7506519814406,47.2920561395524,349.91868520852927,28,16,4,False
2024-11-08 17:00:00,26.07100074113814,55.37149238524919,862.0072098571973,60.97152711753696,93.98736253441164,0,17,4,False
2024-11-08 18:00:00,25.709856436860317,44.12115087216065,632.9017156511873,45.211625439915956,67.36622330882994,0,18,4,False
2024-11-08 19:00:00,24.890756631014693,60.97002852821777,892.152454260267,41.372242359568794,82.16433098879637,0,19,4,False
2024-11-08 20:00:00,23.729809422897393,60.1638734491286,710.1783265791105,56.934789119139936,51.97371350540937,0,20,4,False
2024-11-08 21:00:00,22.7277291629712,72.30603778644368,827.9160512683329,46.0798736008087,42.54994748755385,0,21,4,False
2024-11-08 22:00:00,24.330227571899467,52.53777412037599,772.7099225941712,60.59936384046622,19.756033544496045,0,22,4,False
2024-11-08 23:00:00,26.28459819148521,56.75320262131151,573.046501751369,56.17005949576698,88.83397199675845,0,23,4,False
2024-11-09 00:00:00,25.321140616195304,56.995069469686044,603.4675251523807,56.83569323200477,80.48440261251126,0,0,5,True
2024-11-09 01:00:00,23.131391831932017,67.6196262381078,854.4941226371742,36.340442887994655,25.13062878379526,0,1,5,True
2024-11-09 02:00:00,25.259771388776773,54.23763574090438,649.7837001840189,62.11943985386401,56.103450748863445,0,2,5,True
2024-11-09 03:00:00,25.577976069593255,57.232172206162716,639.4527305137005,52.61250531233856,53.86373271291204,0,3,5,True
2024-11-09 04:00:00,23.6742138456983,59.863172077732315,556.7316130975971,46.307228607537965,66.25823974178758,0,4,5,True
2024-11-09 05:00:00,25.230587658918292,56.49287298525086,763.5398598390192,51.43388467342251,95.1568204592135,0,5,5,True
2024-11-09 06:00:00,25.087313077669,51.42853108359577,1009.3787378864718,32.2376476710168,62.179429758623165,0,6,5,True
2024-11-09 07:00:00,23.285544553254066,56.55271994318646,539.8700628618591,54.08652811480671,58.619554010075674,0,7,5,True
2024-11-09 08:00:00,25.536681040522424,63.58905399887818,703.6329185009137,39.706284918179286,14.529063964119755,0,8,5,True
2024-11-09 09:00:00,25.841176789552353,46.78787760471152,911.8330833123143,36.47329714156466,15.661672841622154,0,9,5,True
2024-11-09 10:00:00,26.624576864762915,56.06375739317501,688.0537913131427,34.77640813782109,26.861211219411,0,10,5,True
2024-11-09 11:00:00,26.580703078052355,49.399033480486615,767.8557694374601,61.12688374989925,12.922369452257346,0,11,5,True
2024-11-09 12:00:00,22.933495948064362,64.56037303139874,540.640970777968,43.707366063072115,76.90176060130112,0,12,5,True
2024-11-09 13:00:00,23.593262440127315,42.8145047617298,764.2460645811473,65.337277099165,75.09972735945668,0,13,5,True
2024-11-09 14:00:00,25.77255290081299,50.52862522182729,671.9283602493177,44.64198536947702,22.245061098847863,0,14,5,True
2024-11-09 15:00:00,25.770678926368312,58.01769500051617,847.8594993519795,32.92642042407053,85.24710107157529,0,15,5,True
2024-11-09 16:00:00,25.77257152945907,67.52419223387473,878.1079077347126,38.83475560051341,23.930743136150078,0,16,5,True
2024-11-09 17:00:00,30.779097235982082,54.4739979114161,1088.4345463027921,62.35811620006939,37.1058028297623,0,17,5,True
2024-11-09 18:00:00,25.856335766039752,50.55840378645441,786.9449759820363,48.441018220633325,32.407920924522855,0,18,5,True
2024-11-09 19:00:00,26.7033484602709,70.04925655552472,748.8694474873249,44.51712703509399,43.5076388715743,0,19,5,True
2024-11-09 20:00:00,26.431002645239804,43.415888796670046,729.1576452366004,51.60018225852788,32.91973893009657,0,20,5,True
2024-11-09 21:00:00,25.977086876958698,37.409552347039345,647.0250560783968,55.01782736167545,54.00558337946069,0,21,5,True
2024-11-09 22:00:00,24.527096133039482,58.52011560042666,750.7725765192537,61.17398815902461,46.66670932192169,0,22,5,True
2024-11-09 23:00:00,26.138453830739902,50.98356620517911,655.6897884791456,64.48499229892926,98.79125417013938,0,23,5,True
2024-11-10 00:00:00,23.840762178193643,46.8301374629543,725.2691464404421,46.40231354210914,15.03337151154031,0,0,6,True
2024-11-10 01:00:00,24.644772089889987,60.66685157839483,897.639630341194,36.73952313917962,22.796323874861645,0,1,6,True
2024-11-10 02:00:00,24.271954678256346,56.95040571016959,549.0186152080538,45.86534838876724,14.754330451774223,0,2,6,True
2024-11-10 03:00:00,25.122811209079483,50.487370954106176,870.9817841693568,52.60280506582886,66.32570754841382,0,3,6,True
2024-11-10 04:00:00,28.47198785001026,44.75756481063284,897.5672601009798,40.36241073789389,14.905834967234762,0,4,6,True
2024-11-10 05:00:00,22.19910221111238,61.97965862624116,682.2897209513382,40.428490851049574,85.27957636385109,0,5,6,True
2024-11-10 06:00:00,26.02939028556177,60.20160942366929,400.0,53.437878815498856,56.074476761373504,0,6,6,True
2024-11-10 07:00:00,22.58092619321552,54.20659308976494,608.8267019358351,49.51347648429549,57.43068621233803,0,7,6,True
2024-11-10 08:00:00,24.29210220131585,69.77309596838133,894.5491819841664,50.327969954115865,60.543505694097476,0,8,6,True
2024-11-10 09:00:00,26.633425895451047,46.43932186939078,696.5697906551677,42.41504665299931,25.373233567558966,0,9,6,True
2024-11-10 10:00:00,25.096420028643195,42.795798632602086,550.1046651557633,47.69599285794233,27.79212728030388,0,10,6,True
2024-11-10 11:00:00,23.38338283310604,49.464735440950044,624.2837618157674,40.757668557316954,38.69355905857042,0,11,6,True
2024-11-10 12:00:00,23.927044436110048,54.63531186915602,826.0930039756829,58.90198411124787,63.41467742396663,0,12,6,True
2024-11-10 13:00:00,26.019396623402013,56.94671559458153,782.0100352302069,60.35249334723753,28.91059983461931,0,13,6,True
2024-11-10 14:00:00,23.904450052424295,53.07011153714936,664.1601851245458,31.538121377619063,20.46985544199351,0,14,6,True
2024-11-10 15:00:00,25.324687884372963,57.816443172114376,644.9763382277969,40.7048913980759,97.3105197776589,0,15,6,True
2024-11-10 16:00:00,25.068357759855722,44.98768460647645,641.2362776434268,35.03470744909921,11.978363332866062,0,16,6,True
2024-11-10 17:00:00,24.022599478591275,66.55011683258607,561.6384723252246,43.49976065593102,82.24276648024194,0,17,6,True
2024-11-10 18:00:00,28.21591613398799,54.34279057285945,942.3063534204163,49.16562030209639,80.92316346175198,0,18,6,True
2024-11-10 19:00:00,25.950878533477017,63.93836665270502,651.651929618299,35.5035478030147,36.74927024605864,0,19,6,True
2024-11-10 20:00:00,21.962286120013587,57.74180277102163,882.5737781238245,40.78140186874687,22.206395440658206,0,20,6,True
2024-11-10 21:00:00,25.27968147215414,58.65402575323027,928.1974077883677,39.960426279185015,23.106578203488105,0,21,6,True
2024-11-10 22:00:00,24.00732030284742,59.558138241857634,849.746634722194,52.07267329398944,72.76884555134733,0,22,6,True
2024-11-10 23:00:00,26.278650002194336,58.58166848013852,635.2569530922927,50.6934433703625,67.85259319775562,0,23,6,True
2024-11-11 00:00:00,23.81121889235095,60.14178207894035,760.5595135504914,42.78262446662747,80.44711068262481,0,0,0,False
2024-11-11 01:00:00,24.827895337799653,65.63322024105945,696.3706590413626,51.76820872139398,94.37330551591943,0,1,0,False
2024-11-11 02:00:00,25.757480918470687,56.57216935761176,564.4447208904808,44.533199154127345,72.27346269399328,0,2,0,False
2024-11-11 03:00:00,26.298632791255184,60.672030060708096,748.6538922582405,47.283448896739465,24.02663828962991,0,3,0,False
2024-11-11 04:00:00,23.199555389416336,54.282114445702184,523.1440313260296,66.73452090298537,31.90983550888696,0,4,0,False
2024-11-11 05:00:00,24.498248146238577,66.52093772359578,878.1519082692346,63.40461051790348,85.79743577858031,0,5,0,False
2024-11-11 06:00:00,24.287582033258566,49.58886158352584,630.3074054052411,37.004187630724026,28.83754682507877,0,6,0,False
2024-11-11 07:00:00,24.020006151139434,69.40752346328652,730.1739483809259,58.29732417879175,16.527008525903327,0,7,0,False
2024-11-11 08:00:00,29.74216636242788,54.67873639484525,1115.7374488839935,71.30392984258606,479.4864895317306,38,8,0,False
2024-11-11 09:00:00,28.28509860965113,43.55379918305562,1096.1972115498972,49.972640386030164,479.8835948919793,38,9,0,False
2024-11-11 10:00:00,25.918971175854246,56.02483531928631,1365.7522825543465,69.15135507540549,525.8552269835284,35,10,0,False
2024-11-11 11:00:00,28.85482198991405,49.55158674020095,1126.7624865472164,84.26976018376871,488.557126604557,27,11,0,False
2024-11-11 12:00:00,31.4409800894953,61.72514839190979,1247.3251184770656,61.15008172469786,337.3339386371652,27,12,0,False
2024-11-11 13:00:00,29.829459384115204,49.779008165580876,837.5267628195683,63.699928266571234,656.2962188873189,37,13,0,False
2024-11-11 14:00:00,26.421953507726176,51.43053253428176,1097.702439302139,77.13094578358677,520.2328797567329,33,14,0,False
2024-11-11 15:00:00,27.75538742747106,39.88367415243575,1465.2039931055576,74.47902259785724,530.2487191640977,38,15,0,False
2024-11-11 16:00:00,29.985513377711847,51.381549446007384,1065.400685577318,79.71796569751059,574.9140011738536,40,16,0,False
2024-11-11 17:00:00,23.93849580157183,35.60896538696835,598.3382544212723,53.40589216400497,73.29520486380254,0,17,0,False
2024-11-11 18:00:00,25.66572914221934,42.32877741211421,777.0861774488372,53.90695920928144,46.22737199411279,0,18,0,False
2024-11-11 19:00:00,26.161951080144004,61.083317249154376,726.9372672909396,36.73527871688917,92.80360472913132,0,19,0,False
2024-11-11 20:00:00,23.609604292632877,61.28640126920666,752.5945148910339,60.47317706621448,68.52295639842953,0,20,0,False
2024-11-11 21:00:00,24.9107119659073,58.40366049427972,773.3780695221495,61.69589992427774,18.137708001249468,0,21,0,False
2024-11-11 22:00:00,20.138098989896392,47.264190854966294,795.2082202842655,47.70609255931972,95.30709105282946,0,22,0,False
2024-11-11 23:00:00,23.463418537998564,54.618309150864164,866.4549762934334,49.56523050186138,33.27015372762213,0,23,0,False
2024-11-12 00:00:00,24.62114777291026,54.97117968727545,761.4727985392769,34.68892497444278,40.34912413656572,0,0,1,False
2024-11-12 01:00:00,23.128325227052727,45.73308248645966,663.8113518072187,55.14254756017835,46.203437231518784,0,1,1,False
2024-11-12 02:00:00,27.448616955897453,67.0271864141372,800.8860551804097,55.72057441714144,14.610186676388192,0,2,1,False
2024-11-12 03:00:00,22.85478793305905,62.018898324605374,984.9822902342823,49.37808983000689,54.686388000754434,0,3,1,False
2024-11-12 04:00:00,24.339933269954525,53.23228660936269,680.104938042614,61.24353359870503,21.0986641967763,0,4,1,False
2024-11-12 05:00:00,25.196110865929136,55.215086711956246,553.8206042994038,46.659227690200595,46.087329401951656,0,5,1,False
2024-11-12 06:00:00,27.161909933599173,56.66706246358042,866.062100393046,55.646059258936006,41.563880919287584,0,6,1,False
2024-11-12 07:00:00,22.84620677323084,38.666121052605675,681.9428254069603,39.80335661307885,79.55560750838531,0,7,1,False
2024-11-12 08:00:00,30.05191916832128,53.02258093983522,711.4261341534626,63.892030178578636,237.86658924790834,28,8,1,False
2024-11-12 09:00:00,27.563327154615415,49.544126016017614,1306.9924295857795,64.225862616683,482.6944984767399,30,9,1,False
2024-11-12 10:00:00,26.71384940336279,46.98703992084067,1084.806155758537,76.22526410935963,402.79074538677105,27,10,1,False
2024-11-12 11:00:00,28.671609720894743,52.75119765691236,1140.6066416615884,61.378195221425685,419.0624524305593,31,11,1,False
2024-11-12 12:00:00,27.565278477992944,69.38149221479618,1256.8339848899545,72.39341839811027,399.02422046838296,33,12,1,False
2024-11-12 13:00:00,26.584763237427747,60.12674289013608,1279.8098304918985,82.97614464823205,507.34123836559894,30,13,1,False
2024-11-12 14:00:00,27.6880900289282,50.430568081737626,1203.3146775239165,65.5595185562342,612.8764450009257,39,14,1,False
2024-11-12 15:00:00,28.270648738812476,59.58066225084927,1201.3807014478111,56.18758333517573,566.7303582210732,33,15,1,False
2024-11-12 16:00:00,27.63104929664865,66.19484349268802,1125.1559535119777,85.0,481.5615389287159,30,16,1,False
2024-11-12 17:00:00,25.99319601178157,62.39706946330215,661.0679983624124,63.814540786904864,82.2853460469458,0,17,1,False
2024-11-12 18:00:00,27.37902522421803,55.47704295936139,810.8215721331254,37.07737304894381,23.80715941501792,0,18,1,False
2024-11-12 19:00:00,23.143276751759725,49.82450577835541,792.305122601958,56.897078052451945,42.98960686413036,0,19,1,False
2024-11-12 20:00:00,28.1995500619844,60.58578650890872,559.6841946933107,44.97025229448657,43.60178449286485,0,20,1,False
2024-11-12 21:00:00,22.071868300716247,58.147883083374,862.8973174262549,52.634872153310596,23.626939954247653,0,21,1,False
2024-11-12 22:00:00,24.772322357446626,62.161545760221856,619.6054832328928,52.94224129013494,81.86081545460715,0,22,1,False
2024-11-12 23:00:00,25.882475809726866,60.081374413455755,821.2086697421718,47.65592199683678,73.65054955018809,0,23,1,False
2024-11-13 00:00:00,25.42148780160255,63.39642172255468,755.0930970102011,42.16234334413603,27.134360766733124,0,0,2,False
2024-11-13 01:00:00,24.06595072026911,50.718118307515454,975.7275515192684,43.094589476837406,43.004971773441916,0,1,2,False
2024-11-13 02:00:00,24.687816624464087,65.5391525250746,666.4801026442221,40.83808084518758,19.522452237086277,0,2,2,False
2024-11-13 03:00:00,24.26049859801175,56.5807968375392,647.6024805822703,41.681777917695555,66.53859373837395,0,3,2,False
2024-11-13 04:00:00,24.115952864583683,71.60208698100212,697.0870591168401,49.328217099506446,20.92347320937577,0,4,2,False
2024-11-13 05:00:00,26.274403145531537,49.486497455283455,654.5230325748587,42.842400108892484,98.7340751762426,0,5,2,False
2024-11-13 06:00:00,25.53552322894757,68.887710425322,819.9912852913075,56.820520657126195,80.26138672190761,0,6,2,False
2024-11-13 07:00:00,23.96063560710902,56.58328626770118,457.5534087345118,64.87246155335927,45.12146946255955,0,7,2,False
2024-11-13 08:00:00,28.927887618789214,49.78865597108441,893.8547980533962,64.69248145053243,377.77019173053,28,8,2,False
2024-11-13 09:00:00,28.199657541493778,51.12891332756543,919.8611808502983,66.99801110007226,481.7577548464286,36,9,2,False
2024-11-13 10:00:00,29.546778655509215,52.43722153444544,1178.4053996601597,65.85326617164849,586.6485465563145,39,10,2,False
2024-11-13 11:00:00,28.180920047829698,58.39332757121533,1325.687773292152,69.86579869698751,540.4869519456414,34,11,2,False
2024-11-13 12:00:00,27.664397908604446,59.182683904284,1016.2561460902326,70.76359245721947,547.5053462406779,40,12,2,False
2024-11-13 13:00:00,27.890870879894074,50.41039996849137,1221.2024666171155,68.96476215701425,538.165030020204,34,13,2,False
2024-11-13 14:00:00,29.27537255370279,54.805163261912135,1052.1985220329645,65.00125927148021,386.28827241982793,37,14,2,False
2024-11-13 15:00:00,29.26363113300011,72.13816286889491,1398.4710126591856,49.7187613657711,515.0210770389608,31,15,2,False
2024-11-13 16:00:00,27.001968551542213,68.82034536080569,875.271190245414,79.42759954005466,421.1247510202377,32,16,2,False
2024-11-13 17:00:00,25.17599107496317,58.49058935739226,735.7553474102177,58.872908372667425,62.0707539051419,0,17,2,False
2024-11-13 18:00:00,26.916497343682636,55.3040278253456,846.2796444673645,42.367138958214184,92.02076345947678,0,18,2,False
2024-11-13 19:00:00,24.112642916746253,55.96025061374609,775.1641254909767,50.37937835447602,59.86893523562435,0,19,2,False
2024-11-13 20:00:00,25.820646071755057,59.908143781843336,728.4372424898115,56.833289928110695,25.704863775815966,0,20,2,False
2024-11-13 21:00:00,24.69671102134916,46.81765947841276,850.1569138850712,47.906861804206386,44.083302002304336,0,21,2,False
2024-11-13 22:00:00,24.67347819515917,52.94098770061324,400.0,60.729780477660114,85.88303785267709,0,22,2,False
2024-11-13 23:00:00,26.648165277980784,41.651327408979284,801.6812979296361,73.6387249461936,67.97917143906561,0,23,2,False
2024-11-14 00:00:00,26.238124523482046,58.19378498084223,601.8886475308864,42.140139673650175,68.56519459004203,0,0,3,False
2024-11-14 01:00:00,26.220264454000958,60.17756751762193,425.4050654715315,36.18955396846225,88.01393371196403,0,1,3,False
2024-11-14 02:00:00,26.958218210731495,51.13450830160501,776.6803899287471,53.03818595604876,90.45757517162542,0,2,3,False
2024-11-14 03:00:00,25.03150576244914,67.59189410632027,906.0487817744437,57.21562505126143,92.78133146014926,0,3,3,False
2024-11-14 04:00:00,26.022929456942446,45.19387469598127,679.3827228058462,47.69133626155231,18.53642739278405,0,4,3,False
2024-11-14 05:00:00,24.534599865109815,43.28500095832144,842.9311820804409,64.53260663321035,58.97134017667908,0,5,3,False
2024-11-14 06:00:00,25.486249528732664,56.795614548479776,941.8417386982968,36.613942002767516,76.64585690964867,0,6,3,False
2024-11-14 07:00:00,24.804785418448475,63.37678642089723,897.237168037607,56.92918623031611,78.12341606143124,0,7,3,False
2024-11-14 08:00:00,27.823383498185972,68.47142153166295,1530.5507776598834,68.53329731725773,560.0404443997304,29,8,3,False
2024-11-14 09:00:00,29.484055999478255,51.32892589704848,1324.6671499191136,85.0,537.3411181442049,34,9,3,False
2024-11-14 10:00:00,25.927634922734562,63.62944666745037,1013.3540104110725,85.0,530.9376263316843,35,10,3,False
2024-11-14 11:00:00,30.70320858194963,54.691932243994344,988.862078275489,65.37371863705174,606.6033095140042,38,11,3,False
2024-11-14 12:00:00,26.661567584419068,53.61898160047344,1117.3152030103633,65.55682547718676,386.7527512375663,38,12,3,False
2024-11-14 13:00:00,25.691543136216286,62.069279499893376,1107.3225618031072,76.11148242456707,433.4225108241116,27,13,3,False
2024-11-14 14:00:00,30.60512225853914,60.21858302730736,1482.3904502918485,64.72010149643116,398.1018556060965,30,14,3,False
2024-11-14 15:00:00,28.449611302552984,42.388862744126,1165.924585425756,61.60429501993069,578.710749367347,37,15,3,False
2024-11-14 16:00:00,29.53096844139379,66.81232279780717,1254.380217636185,74.31880611467298,566.719306591649,37,16,3,False
2024-11-14 17:00:00,25.94251826389642,66.04073083317961,782.7228064060702,30.803268438023437,64.60445817730034,0,17,3,False
2024-11-14 18:00:00,24.981629840729628,49.99549838792377,706.5403669558681,49.86162253905763,25.010860166530676,0,18,3,False
2024-11-14 19:00:00,23.654118442771253,58.16642826749927,954.257656064613,43.10272225935826,81.76784985474978,0,19,3,False
2024-11-14 20:00:00,25.11370683729059,58.95224149026191,606.6025957398322,45.06877177600228,74.81002001634512,0,20,3,False
2024-11-14 21:00:00,23.984257432731834,57.08539012659126,729.1911182855864,64.43632003468814,17.752219439413267,0,21,3,False
2024-11-14 22:00:00,26.462679600126627,50.59755876923664,588.6294121452928,37.434931057207436,51.74288422069387,0,22,3,False
2024-11-14 23:00:00,24.77941392774679,49.627013056495585,501.9966233168941,58.132051867479774,25.65796595696232,0,23,3,False
2024-11-15 00:00:00,23.761754204811233,54.79556743206844,608.2346363642072,47.21037069668191,40.37293411416747,0,0,4,False
2024-11-15 01:00:00,24.51792123752051,64.38183215407491,694.4444804427382,47.202398315041656,11.62729829851169,0,1,4,False
2024-11-15 02:00:00,25.619397181413436,59.348801236755456,635.604666322411,57.90371896051711,46.02968815696824,0,2,4,False
2024-11-15 03:00:00,24.154413170794037,52.03508534331115,596.1368530189216,53.4005129456889,59.48892290405894,0,3,4,False
2024-11-15 04:00:00,23.76666940665035,61.173589685186755,489.0523804492249,55.70612997219531,65.76243335443782,0,4,4,False
2024-11-15 05:00:00,25.365530817237868,32.211659034959396,687.5341641056958,59.68184660532861,69.71413106158391,0,5,4,False
2024-11-15 06:00:00,25.367449856663086,64.19012560297682,474.2919438953497,46.686916168166775,85.2662181792214,0,6,4,False
2024-11-15 07:00:00,24.239585236943306,41.0822897697752,814.0083945534404,43.87763265492249,29.391661654815703,0,7,4,False
2024-11-15 08:00:00,27.309339925385334,52.100472468774946,1133.8983793165326,54.427441295398665,550.4985790500137,33,8,4,False
2024-11-15 09:00:00,28.848736457676367,46.04264084299085,782.179720026396,58.43813354706799,393.01718082787704,25,9,4,False
2024-11-15 10:00:00,25.44930414437691,44.64254819423275,1208.602587226077,85.0,398.70852855290434,27,10,4,False
2024-11-15 11:00:00,25.917783543059244,64.28661429902816,1001.4436479488113,77.45533288026617,590.6027355201102,29,11,4,False
2024-11-15 12:00:00,27.6360043675677,51.25839038950487,1196.688994367852,50.30314375275374,605.0064586342647,29,12,4,False
2024-11-15 13:00:00,27.613585470678437,57.77203105384572,1203.3975595496622,56.24116133161761,517.9206199510377,28,13,4,False
2024-11-15 14:00:00,28.185801072217547,54.62463536896653,866.3517326581677,65.19342185141267,458.45959881802065,33,14,4,False
2024-11-15 15:00:00,30.2853450979298,58.81632661778497,1313.2001323436316,76.28352465417986,339.66258712652086,38,15,4,False
2024-11-15 16:00:00,29.721214940875765,55.614575128482045,1059.4603789106347,73.19918890132129,372.75310762295476,37,16,4,False
2024-11-15 17:00:00,24.76009220505486,44.73606220649144,800.7010114675699,47.45044206446302,20.843364019462115,0,17,4,False
2024-11-15 18:00:00,24.97147568814597,62.97013455557712,731.9794942356534,48.745457399970995,86.6383454708133,0,18,4,False
2024-11-15 19:00:00,23.496205953043287,51.0499473347095,587.2046002391771,53.27879524159357,24.09515334033849,0,19,4,False
2024-11-15 20:00:00,24.972230296011414,42.547344810721995,652.1419096500073,50.858930062933304,97.72840732025757,0,20,4,False
2024-11-15 21:00:00,24.567012041619794,51.5750787122727,580.5961214794767,30.0,85.82844064587732,0,21,4,False
2024-11-15 22:00:00,25.484077840507133,67.00607832507448,861.4010707897897,47.70200369424806,55.07889453006392,0,22,4,False
2024-11-15 23:00:00,23.759153584671516,61.80177393690794,703.1967473007913,41.485935657396865,98.32792824298227,0,23,4,False
2024-11-16 00:00:00,25.77901977136176,52.210782924737124,985.178602862951,51.75211418908512,18.76390561972038,0,0,5,True
2024-11-16 01:00:00,27.299108369503866,52.20593836545257,690.9008779278068,79.85259002603411,37.27591850575915,0,1,5,True
2024-11-16 02:00:00,24.836859777314714,52.42691959026094,593.7389849634305,53.67481665474304,67.44019735365504,0,2,5,True
2024-11-16 03:00:00,25.602567583148414,71.61398386848673,472.9428411080759,46.86470313827602,41.500618162586086,0,3,5,True
2024-11-16 04:00:00,26.03521598756667,58.055483617852424,429.52904856160825,59.21801501977252,93.55352967827126,0,4,5,True
2024-11-16 05:00:00,24.398169292171247,58.44033317752856,462.3796085491765,54.826878872092124,15.90634793600358,0,5,5,True
2024-11-16 06:00:00,25.336138722715624,63.24226763225474,740.0689976517225,54.200944904518416,59.44706488548681,0,6,5,True
2024-11-16 07:00:00,25.01888860117269,56.91031327221211,776.3087534844901,56.06850593215671,63.1779640655603,0,7,5,True
2024-11-16 08:00:00,25.146514147823247,52.927662833434376,462.82139469517995,70.56543564829542,68.74553113995017,0,8,5,True
2024-11-16 09:00:00,23.8404853242168,53.429201207320176,834.2557471114173,38.69111564674084,33.0099600998633,0,9,5,True
2024-11-16 10:00:00,25.036765261388414,54.42718992468749,627.5408422474841,54.736320768114545,42.8109784767878,0,10,5,True
2024-11-16 11:00:00,25.746997436868174,54.702222107921266,722.0189517978324,40.73618870018461,85.93124766984799,0,11,5,True
2024-11-16 12:00:00,27.176715411692562,60.82103634909584,941.8330942383136,55.55512646342248,27.544849207314385,0,12,5,True
2024-11-16 13:00:00,26.43890623912781,55.415567086458395,834.5258973798298,40.81313488513906,84.41810624560259,0,13,5,True
2024-11-16 14:00:00,28.229773686267336,60.86112061772464,659.7204028141251,45.82633186394916,60.63898806124681,0,14,5,True
2024-11-16 15:00:00,23.848978655667924,54.35426735913134,566.3211661877069,47.049100857620935,78.59687600746739,0,15,5,True
2024-11-16 16:00:00,26.308480955081016,55.62908152252872,400.0,59.75816719344709,74.22466296371243,0,16,5,True
2024-11-16 17:00:00,25.275013008607527,39.014394523743135,592.127002113637,59.18454443942414,28.676034584639112,0,17,5,True
2024-11-16 18:00:00,28.28470439982651,62.33062139761985,668.3304641758458,37.542826235536154,61.193146279048555,0,18,5,True
2024-11-16 19:00:00,23.78755257196727,57.77190780718394,551.9230709273224,50.54934110999849,88.09508375245831,0,19,5,True
2024-11-16 20:00:00,23.740417236728835,62.984080878877215,680.3114549361543,42.904201452508275,48.89046131217364,0,20,5,True
2024-11-16 21:00:00,24.100911031833967,31.829956974450486,711.5277824438152,37.414950893246655,96.9931693200985,0,21,5,True
2024-11-16 22:00:00,21.81415641353529,71.70699763824582,666.2716027287883,47.82982949575629,50.69935900915463,0,22,5,True
2024-11-16 23:00:00,24.21136746747886,53.88328297475861,602.499612876481,46.915172115441806,22.850707300109622,0,23,5,True
2024-11-17 00:00:00,23.861301007669454,63.86546253390013,725.2982007950092,74.26716486345522,45.04912120699059,0,0,6,True
2024-11-17 01:00:00,25.225590679714312,46.68075258299575,766.2910974354113,54.32959825360696,95.65321657514835,0,1,6,True
2024-11-17 02:00:00,25.51263396366574,59.90219124050056,536.4401383835731,36.22382499245763,38.77487644058688,0,2,6,True
2024-11-17 03:00:00,27.81425625882383,46.57267549461075,911.6398569619405,44.352259958290574,88.12883438803566,0,3,6,True
2024-11-17 04:00:00,26.425635757279075,50.00984831443356,685.2117801573607,60.213832954293984,89.31256135137008,0,4,6,True
2024-11-17 05:00:00,24.134644516506395,70.31225083093429,702.8274434417272,70.88442772869925,41.516787189876496,0,5,6,True
2024-11-17 06:00:00,23.652377992977463,53.474540793893226,806.2321634884836,34.140166877620416,17.493189224556893,0,6,6,True
2024-11-17 07:00:00,25.737878757259757,56.73946298543778,734.9824196895253,31.20075614860955,75.21021182429364,0,7,6,True
2024-11-17 08:00:00,23.019650189469036,61.960541845510036,842.9704950869868,68.70965175371782,38.03610691125874,0,8,6,True
2024-11-17 09:00:00,27.747188148781532,58.96545510378084,743.0686247802736,53.89614177370904,80.46312528318151,0,9,6,True
2024-11-17 10:00:00,26.76916018108193,56.20335124114861,608.1343938039344,41.31707268123634,49.83893634343898,0,10,6,True
2024-11-17 11:00:00,24.296236521842943,57.919688019729804,754.2255287809153,55.346290861224354,53.67400681083594,0,11,6,True
2024-11-17 12:00:00,22.430298206363684,74.2273246819062,528.4410689019007,30.0,80.01184660736831,0,12,6,True
2024-11-17 13:00:00,27.03080856124812,54.539049623731316,716.2839558664784,50.03375506597161,44.41269979554651,0,13,6,True
2024-11-17 14:00:00,24.828190232121074,56.60879237371974,695.0155014033309,53.278211728430854,49.881461079062305,0,14,6,True
2024-11-17 15:00:00,26.85672446796019,63.4052351680609,668.782471409119,59.2427013953783,43.85714218926599,0,15,6,True
2024-11-17 16:00:00,22.60835851180845,63.84420746366387,680.7193732841604,39.861040477074624,43.0606463749552,0,16,6,True
2024-11-17 17:00:00,24.10093746556934,64.49624244448304,417.7226431753541,50.856871614033594,57.33519192113135,0,17,6,True
2024-11-17 18:00:00,25.007865549577275,60.10984177623348,617.6912638388558,40.74575373940412,82.79195000510356,0,18,6,True
2024-11-17 19:00:00,25.070470890647112,45.85596069815613,713.9267351711673,52.55383755674317,42.559148073030926,0,19,6,True
2024-11-17 20:00:00,24.324901792781134,68.06745225840876,723.97845879961,41.04653677636976,57.182924848396304,0,20,6,True
2024-11-17 21:00:00,25.93427489852125,45.829236855850496,545.8487288611063,45.918991608397796,70.36545928983408,0,21,6,True
2024-11-17 22:00:00,23.398569355926107,57.42108372191227,889.8561761297051,40.04184605209771,34.24955016732895,0,22,6,True
2024-11-17 23:00:00,24.78643077246806,48.96579319984514,570.0737727678248,56.51136241823657,34.977052441215335,0,23,6,True
2024-11-18 00:00:00,25.18044344756785,54.48689322725606,845.4185800790106,58.58451116656666,94.00718143211093,0,0,0,False
2024-11-18 01:00:00,25.771658251088123,57.63009928242784,764.0791542807527,47.653794300425865,75.11811159979797,0,1,0,False
2024-11-18 02:00:00,26.067422317133335,57.57085772360219,603.0659035234296,50.382379949600285,61.9468008600978,0,2,0,False
2024-11-18 03:00:00,23.313036862243194,58.37536603388228,966.2966338914268,35.51408585366456,68.29480489785507,0,3,0,False
2024-11-18 04:00:00,22.698828743896566,67.90969015246918,520.954475236528,47.00323351993213,12.636949879307654,0,4,0,False
2024-11-18 05:00:00,26.916515232847765,58.628274412111836,837.8731260415002,49.49795382958255,65.62926690055272,0,5,0,False
2024-11-18 06:00:00,25.498471017969386,53.04674691767481,850.0873477064467,76.20793091029975,55.855798590178175,0,6,0,False
2024-11-18 07:00:00,23.87727019516517,62.71269734630686,599.4069686385033,38.88032974225837,59.11747118014921,0,7,0,False
2024-11-18 08:00:00,30.213854654280787,64.51576391139713,1327.4952760823628,83.72807834533839,682.5690318142676,40,8,0,False
2024-11-18 09:00:00,29.051265901723834,45.17913747890406,1168.65002175076,79.44679012336135,441.00018007407346,38,9,0,False
2024-11-18 10:00:00,29.358837424180425,59.77920055879886,1287.7421446490762,70.71211639228983,386.2723659986655,26,10,0,False
2024-11-18 11:00:00,28.052204934453403,60.60938193848719,1164.265763017513,85.0,599.5660028107028,38,11,0,False
2024-11-18 12:00:00,31.604977206005863,52.61949197312006,1072.7543498998057,73.97787773941675,488.03246670977256,33,12,0,False
2024-11-18 13:00:00,31.011253444656322,66.00565450649296,1402.9689809694876,75.1883746643744,471.54962075784647,40,13,0,False
2024-11-18 14:00:00,28.353835882115703,53.79955530373979,1322.1667980843326,70.38057933911635,484.8084968207061,33,14,0,False
2024-11-18 15:00:00,30.450974787793754,56.00461162777234,773.4265953622153,85.0,432.7428171142992,33,15,0,False
2024-11-18 16:00:00,28.8217805819679,53.61542540572904,1216.3293998721174,73.80634383561987,562.6111581277015,36,16,0,False
2024-11-18 17:00:00,27.052947336298523,55.12463238065174,450.62620179464886,43.743227125037876,42.348144414773536,0,17,0,False
2024-11-18 18:00:00,23.552614809129842,46.22979930483839,854.8819306512486,36.80752805401232,17.33265079416477,0,18,0,False
2024-11-18 19:00:00,26.029077189997658,43.47959293924565,869.0057705241375,47.97019362604343,27.400531025084696,0,19,0,False
2024-11-18 20:00:00,26.587636730274383,67.75604050579977,536.3550354677202,41.999614356023535,95.56702418914045,0,20,0,False
2024-11-18 21:00:00,22.361890770365328,48.22430921345338,638.3778568068122,49.36475425384645,46.78296060438406,0,21,0,False
2024-11-18 22:00:00,23.225112231001336,47.068861204349545,534.1442997271097,62.37438134684139,52.001484024777774,0,22,0,False
2024-11-18 23:00:00,21.94115173335985,37.77287909117028,667.7618454566897,45.4269834491321,14.743881086809509,0,23,0,False
2024-11-19 00:00:00,24.595889748333164,49.88830601848398,653.7948573721388,49.571766186884254,13.380960658958253,0,0,1,False
2024-11-19 01:00:00,26.076313383693943,44.41528165274001,816.9490798404009,50.58022734808395,74.54633023420818,0,1,1,False
2024-11-19 02:00:00,27.253535578144042,68.13612128109095,896.5463119179412,58.484308822052846,58.42851977090002,0,2,1,False
2024-11-19 03:00:00,25.111142170629662,63.07853671474108,909.3525716184934,30.0,55.783538579464,0,3,1,False
2024-11-19 04:00:00,27.44292331835694,49.49479723857821,615.6747960132546,43.932997052347034,31.88120773804018,0,4,1,False
2024-11-19 05:00:00,22.929847812677664,73.01948644275447,668.6167189383208,52.11283692279473,77.027565846693,0,5,1,False
2024-11-19 06:00:00,22.444926340967267,62.85412389593275,447.48427116685747,62.000789564268615,25.14129211976427,0,6,1,False
2024-11-19 07:00:00,24.916678451655073,52.40134893193102,579.1194900255717,45.08097552493795,27.094126929491804,0,7,1,False
2024-11-19 08:00:00,27.798399932975585,35.004754281011415,1289.7927002017293,47.25169248195822,537.4466549867661,40,8,1,False
2024-11-19 09:00:00,27.0117896394748,73.32754058072594,1308.3644433464165,80.41405544987822,455.3566735451481,39,9,1,False
2024-11-19 10:00:00,25.35259066221973,43.88342026589123,891.0430952308877,59.59523472753865,393.42513088686525,38,10,1,False
2024-11-19 11:00:00,28.61434728334825,41.836810024344864,1174.4380147754205,49.976384562685226,532.0880245232138,32,11,1,False
2024-11-19 12:00:00,25.484720921131558,63.180563456077124,1022.908943751054,61.63822299830045,627.5570968605018,28,12,1,False
2024-11-19 13:00:00,28.32140489762487,74.51801925071419,1256.633408391608,59.79711101175843,495.8760908186063,27,13,1,False
2024-11-19 14:00:00,27.674307552196655,66.07418254808414,959.9021480259295,56.99535193553585,482.8991693045112,33,14,1,False
2024-11-19 15:00:00,27.23558616394338,59.51127296041888,1291.7076230908547,52.91912077757365,427.6870158199401,26,15,1,False
2024-11-19 16:00:00,26.851963503780127,59.75803473332229,1145.647513278426,77.09110154481331,461.428305589095,38,16,1,False
2024-11-19 17:00:00,23.411179717166572,61.82732447024246,697.8321593682581,62.748750412787224,51.464095421344794,0,17,1,False
2024-11-19 18:00:00,24.905981354090244,61.07142871829412,781.9426372005549,56.51521991339506,35.76518759007468,0,18,1,False
2024-11-19 19:00:00,26.432713480751858,57.249531391755006,700.9633404716407,38.62314329575183,32.27166831098317,0,19,1,False
2024-11-19 20:00:00,23.521410930496685,55.83360883161501,634.5421164210147,47.98508466052482,68.07138800979985,0,20,1,False
2024-11-19 21:00:00,25.756069773276767,54.49925497680382,683.5585294111254,49.93478684770542,68.587457069669,0,21,1,False
2024-11-19 22:00:00,24.20461357244134,48.96828328906659,686.7455561191997,55.987943895619104,84.20653628199364,0,22,1,False
2024-11-19 23:00:00,23.810690751606483,52.75459938506581,644.4983455176808,56.68340488718081,47.593771027567826,0,23,1,False
2024-11-20 00:00:00,24.839454460068165,41.456345486436916,661.1805905999347,42.65826201221504,16.57765819235352,0,0,2,False
2024-11-20 01:00:00,23.44713651637094,54.213282985642,939.7970755757076,50.819955564135604,34.62997464293119,0,1,2,False
2024-11-20 02:00:00,24.16952604197923,47.091271142792664,784.1379171911858,54.57280404615241,98.20049168771352,0,2,2,False
2024-11-20 03:00:00,23.203183161116726,46.17128546227383,655.6779522956259,64.55822322146767,63.66327177094319,0,3,2,False
2024-11-20 04:00:00,27.947087699374585,56.439153209227825,804.5431606766103,57.04506539824723,73.87633763209183,0,4,2,False
2024-11-20 05:00:00,25.052895327957593,66.1360182907568,649.9270765365985,57.89056687375519,10.662204666287309,0,5,2,False
2024-11-20 06:00:00,23.950411738011123,62.346532848018505,875.9686956379962,50.838266279293606,56.63851589642688,0,6,2,False
2024-11-20 07:00:00,25.320969866101333,42.43599517101458,755.446328829714,64.10459145203504,13.37757917786228,0,7,2,False
2024-11-20 08:00:00,27.634901710983307,47.0829749074373,986.1222488326537,68.35850379520141,411.7625439066301,31,8,2,False
2024-11-20 09:00:00,27.67404598391939,62.52616950390573,1219.8981627480214,66.31074521687289,653.5387543058256,35,9,2,False
2024-11-20 10:00:00,29.600156518484237,47.140100851693525,806.164421903139,85.0,495.72174441957975,38,10,2,False
2024-11-20 11:00:00,29.437928008193925,53.202934800023804,1090.8529888371322,73.59011834165423,598.4546895571658,28,11,2,False
2024-11-20 12:00:00,27.43437753829983,59.40041679219642,1082.3870138988636,59.4756064205338,528.2142712258974,28,12,2,False
2024-11-20 13:00:00,26.487616838944803,47.25324436109092,1146.9452064626835,67.78106489739042,467.16881719990675,30,13,2,False
2024-11-20 14:00:00,27.613802237692195,55.84300404916768,1393.195935458088,73.7000662059844,449.5610180798478,40,14,2,False
2024-11-20 15:00:00,24.977880287253935,44.32779604065436,1425.679903750253,74.9359694777285,446.1598763773663,37,15,2,False
2024-11-20 16:00:00,26.673735172763152,50.18905884839029,1310.6895549041228,75.36962877614916,486.2304836647038,30,16,2,False
2024-11-20 17:00:00,27.050311401166788,57.55825547314029,775.1266712416685,53.11308673442885,61.230719088230316,0,17,2,False
2024-11-20 18:00:00,27.467451570251924,42.25605013174665,429.8413398770892,66.9995737457638,92.86937646724678,0,18,2,False
2024-11-20 19:00:00,24.626445940665434,58.52379790368319,618.5989300398967,60.71543152234886,97.15772174503671,0,19,2,False
2024-11-20 20:00:00,25.86483544458365,54.84289760858655,581.8324372137641,51.90635591265024,58.649740785003175,0,20,2,False
2024-11-20 21:00:00,25.466875231815305,59.41991963533718,606.8728602623326,59.41310580767483,51.23843247269944,0,21,2,False
2024-11-20 22:00:00,29.618321212682858,56.79131307251729,674.7784272122816,39.674760964724605,95.05153848236446,0,22,2,False
2024-11-20 23:00:00,26.679362367151864,65.91312343979075,629.1864133454309,53.979270499468086,70.62488487970256,0,23,2,False
2024-11-21 00:00:00,24.80812361277885,56.00179602118326,403.10502844363185,68.0930634973311,15.840935158456851,0,0,3,False
2024-11-21 01:00:00,23.566689339099362,51.564755670997975,812.1865384176301,47.81954104607626,51.91530199007478,0,1,3,False
2024-11-21 02:00:00,22.59033051961364,55.97838002425827,539.0885461390291,41.52366071380915,31.622051661787353,0,2,3,False
2024-11-21 03:00:00,25.305195453800835,59.3463842322911,735.8870296166724,43.4791111140694,52.28238893038134,0,3,3,False
2024-11-21 04:00:00,23.865473882073545,55.39088056260564,1011.112400462496,39.10366962657612,50.99190148057256,0,4,3,False
2024-11-21 05:00:00,22.86661943560349,55.32473352963106,562.0923112620364,42.15238091872297,62.39303225332678,0,5,3,False
2024-11-21 06:00:00,24.03014067363621,49.38406649754596,400.0,46.29491901409971,42.109344131432614,0,6,3,False
2024-11-21 07:00:00,23.377677994578406,49.69679265959242,657.0993667179833,35.94432980821358,24.784340451033525,0,7,3,False
2024-11-21 08:00:00,29.93352507103555,43.779157825602454,1272.7423541577234,70.4974403475659,569.9778166012259,40,8,3,False
2024-11-21 09:00:00,28.341546341558626,68.99661394549551,1374.0898604898794,73.27974088348971,557.0461980353563,34,9,3,False
2024-11-21 10:00:00,27.13864390522201,45.04909411686972,945.23687868349,61.33038562666678,477.9615618450773,29,10,3,False
2024-11-21 11:00:00,29.971621138699,49.45675841763274,1101.9511390017158,79.78004190567265,388.2271868546077,35,11,3,False
2024-11-21 12:00:00,28.7571417569634,49.25274187544642,1154.1843928762532,76.49650558013087,566.783385139774,40,12,3,False
2024-11-21 13:00:00,25.722357861544097,62.15939501555553,987.8866672359158,79.60202367361407,662.6008003240682,28,13,3,False
2024-11-21 14:00:00,30.198147301676165,52.64040257366378,1589.9970205087334,54.582827741249886,397.93129404504805,38,14,3,False
2024-11-21 15:00:00,28.466826296209778,64.98193658138987,829.4138087671888,76.23778270719328,382.73854276508996,34,15,3,False
2024-11-21 16:00:00,25.549094188709773,49.612075006049054,1107.78216308851,54.23017553398299,443.5818075465546,36,16,3,False
2024-11-21 17:00:00,24.714491982874588,57.23195329779042,770.153975764815,58.90247500836509,55.334749113096066,0,17,3,False
2024-11-21 18:00:00,23.686572619922863,48.31722357392194,862.8679487409021,51.718393397935316,84.71825959111858,0,18,3,False
2024-11-21 19:00:00,22.925800403553495,72.1611930221871,714.6974730206343,55.53251219984784,69.7611005260842,0,19,3,False
2024-11-21 20:00:00,26.389266321297463,45.4992126477639,746.2075809256154,38.24405394375148,40.45310793326942,0,20,3,False
2024-11-21 21:00:00,27.864124960705198,57.47856568181622,641.2527148867314,41.049301577233955,94.19707204829714,0,21,3,False
2024-11-21 22:00:00,22.90214863927129,60.070215047456784,740.3690411867661,55.972282182533846,92.0986814124264,0,22,3,False
2024-11-21 23:00:00,25.844453855035855,58.31039277961199,648.5211586753884,40.51651995775799,28.84135594456889,0,23,3,False
2024-11-22 00:00:00,24.02403614631726,53.51769872897833,793.2357834784076,54.63206292099123,13.547582660832667,0,0,4,False
2024-11-22 01:00:00,24.269311924352955,53.96143440213259,644.558449593455,36.32862193539754,76.7177837515686,0,1,4,False
2024-11-22 02:00:00,24.111409113641695,55.35049177583288,756.565059085328,58.48174212666668,84.4849235214238,0,2,4,False
2024-11-22 03:00:00,23.704013845480276,53.82398398697209,695.6105779472532,37.67476685231491,97.10781093562197,0,3,4,False
2024-11-22 04:00:00,25.07278244191724,62.71103293435928,868.9075376158253,55.522999376795234,90.08527546794797,0,4,4,False
2024-11-22 05:00:00,23.753574825383442,72.68418401273081,692.290941461727,56.256309336460006,64.04812913857734,0,5,4,False
2024-11-22 06:00:00,25.405685238669758,50.54006571993733,434.0451297689678,43.03228181570425,57.70471052911427,0,6,4,False
2024-11-22 07:00:00,24.924642835826294,44.04157616336738,889.2882251070987,55.82026567084727,12.505694613632766,0,7,4,False
2024-11-22 08:00:00,27.54205050304562,54.29374361318996,1054.8297544626191,67.53298212431997,523.0904959095935,33,8,4,False
2024-11-22 09:00:00,26.14815192161104,75.63767470123454,1199.8180889375492,63.64542597373148,505.57582648934806,38,9,4,False
2024-11-22 10:00:00,26.838612672841514,48.570603456242154,1143.9660526152416,54.74932552627929,612.2894299059564,31,10,4,False
2024-11-22 11:00:00,29.544317448307222,68.11293444355255,1273.9176036426402,52.0271493063473,401.3756636543083,33,11,4,False
2024-11-22 12:00:00,28.794477749258505,68.42160651261153,732.4562944155358,64.55837201316456,521.3389116312466,39,12,4,False
2024-11-22 13:00:00,25.782961990787797,50.571294066336044,1730.5321411293003,54.25779607231683,606.0015642133478,28,13,4,False
2024-11-22 14:00:00,29.07182753899112,59.551864633482204,1291.6637057363591,73.0913640492642,708.6891214635118,40,14,4,False
2024-11-22 15:00:00,29.39890221647716,68.0271729850283,1074.6016779678207,67.45799318798396,498.74172541254416,32,15,4,False
2024-11-22 16:00:00,26.027628929643008,51.966978072100105,1250.4293269041384,74.24986567968189,529.350018901599,32,16,4,False
2024-11-22 17:00:00,25.815040288569904,53.371357119181106,742.8331112286486,46.97954500510136,32.199080216030005,0,17,4,False
2024-11-22 18:00:00,24.00606436158123,50.34655268841085,778.1683642569008,46.70552213652908,51.36532765596338,0,18,4,False
2024-11-22 19:00:00,25.855898002889738,46.88194615445707,796.7823378925085,57.318707042882956,66.5653510075211,0,19,4,False
2024-11-22 20:00:00,23.855111265186224,49.80577963947194,783.3406699005172,53.35058029084117,60.15266499865696,0,20,4,False
2024-11-22 21:00:00,22.29267684900322,45.20847786590195,713.4371021882873,53.16155957182778,76.83723907135214,0,21,4,False
2024-11-22 22:00:00,22.558686343175257,55.27266774607381,670.3992369539011,54.69267589808526,35.17902377983368,0,22,4,False
2024-11-22 23:00:00,25.07212741999207,48.840214151530866,677.3090074519732,34.64427876792894,60.845734688722594,0,23,4,False
2024-11-23 00:00:00,25.389583752582222,56.87028729432598,670.7637579470978,57.56788679986982,17.932801905171292,0,0,5,True
2024-11-23 01:00:00,23.643525062343386,42.55283483037098,870.0655145300597,56.12468794013602,47.22989712248862,0,1,5,True
2024-11-23 02:00:00,25.95788868816606,57.64704185771566,789.0335083421293,39.83316871423503,77.51447496591409,0,2,5,True
2024-11-23 03:00:00,22.50771990659656,61.668231692871395,400.0,47.55919526325799,72.40607680861396,0,3,5,True
2024-11-23 04:00:00,24.900880302029027,39.050114859428355,798.3851164794642,49.606927123723686,99.15784634549611,0,4,5,True
2024-11-23 05:00:00,23.183475700356315,57.99245255878058,729.2104292078162,48.655032155982674,35.01020133889804,0,5,5,True
2024-11-23 06:00:00,24.02224583829676,64.82135193978634,697.1936865331154,53.338599665685344,54.837036925658126,0,6,5,True
2024-11-23 07:00:00,25.071098006974623,45.32287185047036,641.7222320366672,64.31366781831184,39.65773723965971,0,7,5,True
2024-11-23 08:00:00,23.709379952074073,68.38057909470163,868.616907997902,60.81766727672829,49.654280265325724,0,8,5,True
2024-11-23 09:00:00,24.42316668365526,58.35215207492836,842.1289693184287,36.87780806568594,87.12551168824493,0,9,5,True
2024-11-23 10:00:00,26.50943921382166,49.35990515393273,584.0683498264586,56.220699903060485,71.5788167669638,0,10,5,True
2024-11-23 11:00:00,24.134662195715276,54.553847378738354,761.0578430686803,63.2893331953541,89.41970722128235,0,11,5,True
2024-11-23 12:00:00,26.253538168097712,59.46661530017378,554.2514898188072,53.868085206892026,28.315999749869782,0,12,5,True
2024-11-23 13:00:00,23.305439718013574,55.60804313129929,493.0572752816604,60.90980425185967,88.60250060572942,0,13,5,True
2024-11-23 14:00:00,25.794706266872925,59.31004793957095,605.9924163115052,70.12270445700764,15.378604676054598,0,14,5,True
2024-11-23 15:00:00,27.16235293098685,47.63461125536507,829.3590208574138,60.23709546106981,89.97393523934372,0,15,5,True
2024-11-23 16:00:00,21.292533249809065,56.35488659228862,842.968756806413,52.49308595641729,39.61664015146551,0,16,5,True
2024-11-23 17:00:00,23.804657116794285,43.69028402476016,776.962813014594,60.450884740847535,38.312887007265985,0,17,5,True
2024-11-23 18:00:00,25.86560819077081,54.110191509210395,808.7643680271996,51.44887833096891,56.08797190287975,0,18,5,True
2024-11-23 19:00:00,24.695431920935512,47.76873886828168,777.4267430672437,50.23903043284955,94.66211689509086,0,19,5,True
2024-11-23 20:00:00,25.556718810056964,49.115760459281866,603.7777607165572,46.485857642862676,14.300322821326484,0,20,5,True
2024-11-23 21:00:00,24.09402221992627,64.8887454016835,764.7883817010911,65.63413358832108,41.70078775636708,0,21,5,True
2024-11-23 22:00:00,25.12988468120935,63.73048096475415,820.0614287841523,41.81571334057999,87.09147898150022,0,22,5,True
2024-11-23 23:00:00,24.766484146911882,59.87310496725742,813.1436994720361,65.32367724678116,45.644902969192,0,23,5,True
2024-11-24 00:00:00,26.75167309248971,46.261497882619366,878.3370057211964,54.99864123740372,27.92412078373603,0,0,6,True
2024-11-24 01:00:00,25.38163126495182,52.46873240244158,806.2455770801596,36.006938251980586,48.23147631982706,0,1,6,True
2024-11-24 02:00:00,25.506403993112805,64.70478159983347,752.7172311312374,53.67649292991422,44.69972513425024,0,2,6,True
2024-11-24 03:00:00,24.382184550816298,56.13373530911924,860.5225357474641,30.0,92.3874581320033,0,3,6,True
2024-11-24 04:00:00,24.26859066389126,73.55463631985356,696.021811112641,56.25508016831036,78.57409381687874,0,4,6,True
2024-11-24 05:00:00,24.35116271827057,58.14654271515497,567.7188023158424,58.852314829889906,55.46040001696057,0,5,6,True
2024-11-24 06:00:00,25.591678213567445,56.536392931920254,675.5399554084354,44.07644044347946,98.9533510049414,0,6,6,True
2024-11-24 07:00:00,24.368523278769604,52.527068286379986,588.2646032790326,51.235476959555825,51.874977814833095,0,7,6,True
2024-11-24 08:00:00,25.43466228534462,56.068327238258256,598.7232587538427,69.54157433750287,15.24140477382477,0,8,6,True
2024-11-24 09:00:00,28.11310119796816,53.78024130895565,678.3221993926724,44.942532957380635,33.604688963348636,0,9,6,True
2024-11-24 10:00:00,26.30668705514754,60.664869413508725,581.1370118500058,39.410924129433994,49.24634321973814,0,10,6,True
2024-11-24 11:00:00,24.51096470174824,62.653618534356674,653.8057705541439,64.81663402462598,24.12123617315081,0,11,6,True
2024-11-24 12:00:00,26.801820883245917,48.7120843159364,415.95779995693215,69.62587190530795,95.28086136916387,0,12,6,True
2024-11-24 13:00:00,24.387886940467673,44.35013637153777,731.9940561059408,50.03695671847847,79.01640080359958,0,13,6,True
2024-11-24 14:00:00,21.94281319723322,40.31035701517363,700.1808213043337,60.11463035408356,34.14584803849954,0,14,6,True
2024-11-24 15:00:00,23.487870533623894,59.06393061530035,577.4367053397714,63.414759155308815,63.17240801661242,0,15,6,True
2024-11-24 16:00:00,22.193812118461217,46.173067150609015,798.8868502648608,42.57515767461616,74.93042413986149,0,16,6,True
2024-11-24 17:00:00,24.47272977393804,37.77687525638014,840.6355206439838,45.14694164632132,94.71510360161182,0,17,6,True
2024-11-24 18:00:00,25.02762756878433,58.10862883624771,458.86602034465386,62.30874513154735,89.34718142578696,0,18,6,True
2024-11-24 19:00:00,27.514655968412924,74.94399613946233,585.5912832150678,66.85014278708509,56.36730035243923,0,19,6,True
2024-11-24 20:00:00,25.490391060646242,54.95143270768085,584.6286475319052,55.62880860174355,79.71873578137158,0,20,6,True
2024-11-24 21:00:00,24.671349206786704,61.70792619561313,559.0145348336703,41.20185646497946,60.59302784448265,0,21,6,True
2024-11-24 22:00:00,26.244108371775233,55.65463486838052,824.4212262897622,69.87061111699441,59.74335010409861,0,22,6,True
2024-11-24 23:00:00,21.68329703648817,54.20888277447086,670.9260791840795,44.690291021880356,20.32677625043727,0,23,6,True
2024-11-25 00:00:00,25.35342183716285,62.35261186390215,660.3227738034084,46.64862218828548,21.352389221453684,0,0,0,False
2024-11-25 01:00:00,26.15629779083045,52.67780364649079,400.0,53.423378344896214,57.65802535202117,0,1,0,False
2024-11-25 02:00:00,22.782120631330237,57.13913851257522,795.3127045313839,65.54160420714774,34.1975390481106,0,2,0,False
2024-11-25 03:00:00,26.715631064810395,57.57358244956811,514.111240771979,58.539759765522234,11.893321221442177,0,3,0,False
2024-11-25 04:00:00,25.50774461124162,49.65527637085561,708.9898945399492,54.148655003619105,75.0555283510191,0,4,0,False
2024-11-25 05:00:00,24.3770681291488,62.93633879629218,741.6065406937288,54.63288530118106,12.923793702114846,0,5,0,False
2024-11-25 06:00:00,25.949172799159427,53.60032194643673,904.0987893757977,50.43514668643466,63.57491569936491,0,6,0,False
2024-11-25 07:00:00,28.406039286706594,48.95403872405724,503.67694013213315,55.58139514518506,58.527441471458296,0,7,0,False
2024-11-25 08:00:00,27.431225682604484,59.29207874856323,791.9008825011547,48.95900442909969,558.7382359153494,34,8,0,False
2024-11-25 09:00:00,27.466447638370543,47.812256145671704,1322.7493408822033,61.533002756272964,383.70823668513276,36,9,0,False
2024-11-25 10:00:00,26.3498547514258,55.22544925895303,1542.9997832404333,62.70073766204248,494.23773400591836,29,10,0,False
2024-11-25 11:00:00,26.102821501349702,54.92704802684637,1441.379054539078,54.96969973575654,508.9419637981825,36,11,0,False
2024-11-25 12:00:00,29.07432052025336,63.68716452665262,1047.2212316344949,64.35841221662051,503.38941515273285,30,12,0,False
2024-11-25 13:00:00,27.587526527942345,58.79758586303962,957.5791830046284,72.26433907803491,523.283862170215,31,13,0,False
2024-11-25 14:00:00,28.02146867436064,54.79978433003885,1291.7633477868335,80.70352766937567,451.4297161863792,31,14,0,False
2024-11-25 15:00:00,26.864024040597386,61.5421303936023,1013.4118439288759,85.0,537.1790533017856,40,15,0,False
2024-11-25 16:00:00,28.842340245658917,66.12166039213851,1208.8426297502936,66.96052555643385,536.7341633918402,40,16,0,False
2024-11-25 17:00:00,25.50049315793042,59.462482450814896,775.820523874994,48.49162288433305,97.1933221520024,0,17,0,False
2024-11-25 18:00:00,26.556309916386848,55.08282095874704,859.031486124832,49.260524343916074,53.57918254128775,0,18,0,False
2024-11-25 19:00:00,24.23497540171788,44.50531014119872,1113.9490058366616,45.483405238403776,15.724129274001761,0,19,0,False
2024-11-25 20:00:00,24.595187597059944,46.47909069539702,758.862395076815,51.950249840281266,59.65191710258155,0,20,0,False
2024-11-25 21:00:00,23.53185442632654,52.55820236516266,623.6554561438752,42.4171793111241,85.69865535544913,0,21,0,False
2024-11-25 22:00:00,24.333560109885834,50.12390238272573,696.1638531712008,38.693846650624735,99.71643558532959,0,22,0,False
2024-11-25 23:00:00,25.565950739567278,53.50422957611643,434.63861426663226,56.227112239002686,48.73088563201652,0,23,0,False
2024-11-26 00:00:00,26.135482924968027,55.45319939917686,595.7930303366413,56.29529584221811,38.826886824706826,0,0,1,False
2024-11-26 01:00:00,23.61675201373356,59.237542034853846,638.6076342830344,41.956842403400074,91.5987967256799,0,1,1,False
2024-11-26 02:00:00,26.30440888015849,54.43600977552727,621.3867403098111,58.95355430762599,27.211791616850924,0,2,1,False
2024-11-26 03:00:00,27.033456788207427,58.892013150609614,722.8532308050583,43.68422270834669,65.3886023529634,0,3,1,False
2024-11-26 04:00:00,25.62015235483555,55.51579531848096,576.6370101426699,52.53165238037981,46.514298176285294,0,4,1,False
2024-11-26 05:00:00,27.8151937188371,39.19626746916903,868.1546000986707,58.20344012612456,13.697412845999976,0,5,1,False
2024-11-26 06:00:00,23.83931620134464,47.485316849449966,700.0310597377296,49.66387435296287,41.2559626875128,0,6,1,False
2024-11-26 07:00:00,23.133017945032876,53.84729955422708,698.6049518292078,54.54740912141134,33.87056702524072,0,7,1,False
2024-11-26 08:00:00,24.55578878291316,45.32244205727114,1069.8525901474377,58.10163705636829,455.1659422810187,33,8,1,False
2024-11-26 09:00:00,30.463078249243743,59.79942983996963,1152.6417480381456,67.35373212292154,342.2832004009177,34,9,1,False
2024-11-26 10:00:00,29.11841239319209,67.24600665874958,1294.5541199405839,58.66259021849335,504.3505354666848,26,10,1,False
2024-11-26 11:00:00,28.500609060445736,64.75009481357853,870.5534229233893,59.78783532015562,517.9367311204686,40,11,1,False
2024-11-26 12:00:00,29.39332816271378,53.29245703255834,979.4951588785672,58.45196527792948,518.6109684344805,30,12,1,False
2024-11-26 13:00:00,25.813513372484657,66.92580909479962,1109.9250118901136,58.33097521407516,502.40067083081965,40,13,1,False
2024-11-26 14:00:00,31.687940871032758,56.18933965761689,1014.7841910811117,69.72975289157253,495.90598066886537,27,14,1,False
2024-11-26 15:00:00,29.01156258560085,52.303312231055685,929.3583287603942,60.48548656588207,619.8032485295323,37,15,1,False
2024-11-26 16:00:00,28.734471960753023,50.09277869167248,1092.631221104531,60.55979299399179,568.9981956006925,37,16,1,False
2024-11-26 17:00:00,26.08864993584804,52.580242508094976,831.1583771069091,47.58502554129221,71.74820385491381,0,17,1,False
2024-11-26 18:00:00,25.72151384760507,51.89458545167017,739.3841993502888,49.382358001398714,95.39114479227263,0,18,1,False
2024-11-26 19:00:00,25.3358260364187,56.363329779003905,729.0384867051316,54.79441518086064,34.1242468640774,0,19,1,False
2024-11-26 20:00:00,23.814288316832034,56.28459184839892,827.6346943251958,58.745170741325225,83.03193452365136,0,20,1,False
2024-11-26 21:00:00,25.707202535703992,55.024368161227315,679.3942317400905,43.50234773151733,14.982383524456857,0,21,1,False
2024-11-26 22:00:00,27.82303674471255,58.4955053579708,758.5697274893334,37.967991446108556,58.43089090358318,0,22,1,False
2024-11-26 23:00:00,27.018130069232466,64.52517019829074,684.5167370601256,39.57955587756897,16.349505733890513,0,23,1,False
2024-11-27 00:00:00,27.389779939959094,62.59643308353059,739.8043524099443,45.12797078805073,94.06296920175754,0,0,2,False
2024-11-27 01:00:00,24.233176485353223,43.12081625240077,612.5862013582627,46.48078682183491,78.97161525016512,0,1,2,False
2024-11-27 02:00:00,23.51559276961213,34.56863092078436,400.0,42.30003933802543,69.21549200841332,0,2,2,False
2024-11-27 03:00:00,24.81131961985053,62.47455928991419,679.8581256720544,37.038833357501055,84.15067434621979,0,3,2,False
2024-11-27 04:00:00,25.08358736843304,44.06497041267663,913.412220414991,45.43879172525812,68.27678160131468,0,4,2,False
2024-11-27 05:00:00,26.64128727770642,53.201876784858534,838.9323103362389,51.814266201139716,97.2049957456862,0,5,2,False
2024-11-27 06:00:00,22.46130305542777,45.63909579152512,844.8096226886756,55.950294658355645,74.25621530782944,0,6,2,False
2024-11-27 07:00:00,27.29432547919092,40.58415649935984,885.4196082709327,44.42576946891679,93.21927486240222,0,7,2,False
2024-11-27 08:00:00,27.73780075833313,59.331701825638305,1227.6365438099501,67.1758244269976,644.5424698336624,29,8,2,False
2024-11-27 09:00:00,28.250421694308425,61.07324128242117,1162.9856534850107,54.533707893966906,374.70408754382936,35,9,2,False
2024-11-27 10:00:00,25.59631682414337,50.387916794186246,915.4765557858627,73.11175668367991,486.47851809609796,33,10,2,False
2024-11-27 11:00:00,26.379712231626513,34.27166166284072,1087.3695191356335,60.12465069993659,584.0711320643429,40,11,2,False
2024-11-27 12:00:00,28.335770660708487,50.63004441398014,1181.2991387889172,70.99294247756669,390.81424383814385,39,12,2,False
2024-11-27 13:00:00,28.204586439011976,58.13443204322037,1459.477547885721,54.63174127590019,498.2577103012212,34,13,2,False
2024-11-27 14:00:00,26.84594054639059,43.16870744980697,1016.4670743513483,63.804803781676306,553.7629453334184,35,14,2,False
2024-11-27 15:00:00,25.582823729027183,56.46687935823324,1128.214396924458,76.68556709754455,329.3403361810843,26,15,2,False
2024-11-27 16:00:00,27.440819948955124,54.87752120661604,1015.89512372884,75.75855871416576,583.4462729913623,40,16,2,False
2024-11-27 17:00:00,27.50353228793409,59.634331996808704,790.1810123393673,76.93033663980496,56.541870280957426,0,17,2,False
2024-11-27 18:00:00,24.61061297295459,55.95664294731323,483.42177757996876,53.49800024567907,20.535797168367637,0,18,2,False
2024-11-27 19:00:00,22.745285570322842,47.21544847294756,400.0,39.959454031579895,57.53599492807154,0,19,2,False
2024-11-27 20:00:00,24.631385403871082,64.57257201331593,617.4194725762625,49.04535752910927,21.418554525678395,0,20,2,False
2024-11-27 21:00:00,24.590914645378493,53.73176341578424,516.8931361128762,32.23753666533548,63.324413125876454,0,21,2,False
2024-11-27 22:00:00,20.954670035587643,54.781563683920545,623.7789703529033,49.194002507032394,53.424375447489666,0,22,2,False
2024-11-27 23:00:00,24.918557700223282,47.53385632741443,677.8329521773793,41.669439429992416,66.03178580495035,0,23,2,False
2024-11-28 00:00:00,24.653598204686983,51.45374199046792,632.012738646548,59.15390275560162,10.904228294934843,0,0,3,False
2024-11-28 01:00:00,26.044309547220127,47.92157828778479,917.8701301706118,44.504597254044654,27.53564424898277,0,1,3,False
2024-11-28 02:00:00,27.77343414241802,53.616431520612615,749.011714690348,48.832340842047536,54.21973887209178,0,2,3,False
2024-11-28 03:00:00,26.689847544321637,68.69366784113875,745.0711539416243,43.64442158595597,95.54532054302214,0,3,3,False
2024-11-28 04:00:00,24.596666964167753,44.024790856549146,793.3310716065102,67.38851351853332,44.52481363196426,0,4,3,False
2024-11-28 05:00:00,23.340211136887493,42.09150881698607,529.1750323328846,46.78757233882088,48.19348234482712,0,5,3,False
2024-11-28 06:00:00,28.86003970487479,66.76936261994886,855.8667681130403,68.32557043479201,74.322648010596,0,6,3,False
2024-11-28 07:00:00,25.08882765102173,53.32541058278507,688.635357019681,58.141517621182665,64.34134815575062,0,7,3,False
2024-11-28 08:00:00,27.669551696143355,49.64741809072067,1234.4232239299909,67.30196955528001,570.9104756290251,31,8,3,False
2024-11-28 09:00:00,28.8681002034877,63.31923749916861,1005.4152612100008,63.72218256515416,467.2735589330491,39,9,3,False
2024-11-28 10:00:00,28.944418330657964,50.155075682105085,856.3226644926499,78.69693708429855,447.40577307881506,32,10,3,False
2024-11-28 11:00:00,28.201462404766843,69.60807770837549,1259.2061393598697,54.31533724845609,491.37272336438616,36,11,3,False
2024-11-28 12:00:00,27.31476096290986,60.423406970714154,1105.5275672736836,58.04284459405006,522.4244021197984,31,12,3,False
2024-11-28 13:00:00,27.820895166787707,51.09670873483438,955.9294216867843,80.94709367095926,615.9769094725862,38,13,3,False
2024-11-28 14:00:00,27.735404177723098,72.25846570612403,1055.8824352818567,66.37810215364703,527.5746818245111,34,14,3,False
2024-11-28 15:00:00,27.079966553511476,50.15428061597329,1259.3552344205618,49.83252560733888,432.2534499481501,36,15,3,False
2024-11-28 16:00:00,27.390734768145975,60.936762976074455,1091.5111395925624,72.65715334937926,610.4417574874265,29,16,3,False
2024-11-28 17:00:00,25.159645341537846,57.39434064325194,946.4009429883945,67.04105516255491,36.90335350884999,0,17,3,False
2024-11-28 18:00:00,24.617534173868716,65.41393031519038,564.9068898028197,62.46891715534719,46.9734756010685,0,18,3,False
2024-11-28 19:00:00,27.255989482874032,67.49208957381482,795.7587888412575,49.379959906339685,29.59298189715092,0,19,3,False
2024-11-28 20:00:00,21.02354528741048,55.25603319252613,650.7072286376523,59.514492770580866,96.94193132171877,0,20,3,False
2024-11-28 21:00:00,26.637260277883694,48.97265703723053,790.4781146623515,46.33492979631948,21.757094340162375,0,21,3,False
2024-11-28 22:00:00,26.869127788746443,58.67977714351293,618.3828996828711,32.96128413173281,43.46531061097775,0,22,3,False
2024-11-28 23:00:00,21.889914651387777,49.57827704198315,675.5810640891559,40.75534011870445,12.325507499801008,0,23,3,False
2024-11-29 00:00:00,24.485968608879478,71.10709798021298,706.1378763093581,65.62888768508198,29.960154274019175,0,0,4,False
2024-11-29 01:00:00,24.442838701006313,56.0922826486619,549.6718816327791,47.26006918170696,80.24240245421394,0,1,4,False
2024-11-29 02:00:00,22.88873245792327,52.07742758950313,811.1236518130189,47.56616020624982,28.10577090599915,0,2,4,False
2024-11-29 03:00:00,23.833274968613686,56.47744244691927,623.0179650292622,47.00161803725119,17.205706227606903,0,3,4,False
2024-11-29 04:00:00,23.334136231801256,44.22298968376243,665.7100126989972,69.04136589573007,52.70078618600709,0,4,4,False
2024-11-29 05:00:00,27.628405665135435,47.22708769191479,550.8475938087231,66.25958915362062,10.897231126106664,0,5,4,False
2024-11-29 06:00:00,26.40351758972119,64.6033112635554,400.0,72.18780233448135,17.628953898369986,0,6,4,False
2024-11-29 07:00:00,26.907332642491237,49.744845768228835,671.3458356099746,48.40954789599949,82.68632826066776,0,7,4,False
2024-11-29 08:00:00,28.79801762265228,46.62471213854448,1550.4144005342341,65.90625337332555,545.1378244213395,31,8,4,False
2024-11-29 09:00:00,25.434224227270903,59.29322202021829,1249.285348715499,59.04307449709309,437.98794524489745,34,9,4,False
2024-11-29 10:00:00,26.36188881835248,64.48563323730397,1008.7380237060955,77.85366657667285,289.7444272243589,34,10,4,False
2024-11-29 11:00:00,27.964787444453286,60.751626485320536,1110.4308761801612,57.5274523032518,610.3930730488806,30,11,4,False
2024-11-29 12:00:00,26.906170933349408,62.96838148644653,1232.8027565593338,65.51405065556091,543.90950179788,37,12,4,False
2024-11-29 13:00:00,29.013950496770992,48.945639291444316,1161.7351466800055,57.21200469820108,541.3723344835679,31,13,4,False
2024-11-29 14:00:00,28.06527664145227,43.62551466606525,1064.9101485983035,64.37095868134016,529.6375989633804,33,14,4,False
2024-11-29 15:00:00,27.22358745988539,67.0106692156439,1242.6902840155954,54.48079465180506,551.6658293729403,40,15,4,False
2024-11-29 16:00:00,28.583861847136507,52.41856128926291,1354.4311137014267,61.73453413375201,564.1809782903673,40,16,4,False
2024-11-29 17:00:00,25.66639496722906,52.99333586835962,807.7278588561902,44.608772968510216,79.43260103736458,0,17,4,False
2024-11-29 18:00:00,24.458550751271382,65.62555313479247,765.7713608214591,44.517312050749226,92.36249383644065,0,18,4,False
2024-11-29 19:00:00,26.738994705046373,59.44984007520528,702.9424986540985,58.33333911780307,86.90638923196745,0,19,4,False
2024-11-29 20:00:00,23.378405008600154,58.64710217665286,800.929185395023,38.9513720693748,71.48580069158362,0,20,4,False
2024-11-29 21:00:00,25.923903410416397,72.32001875920866,788.7721200612067,52.20541427013867,14.709957157059655,0,21,4,False
2024-11-29 22:00:00,25.889651886952574,49.85185415695886,646.8938933588464,62.179591523055585,80.45637561879917,0,22,4,False
2024-11-29 23:00:00,24.535680341029014,62.422721024649896,613.9597340654649,44.86803635486604,86.09597297565044,0,23,4,False
2024-11-30 00:00:00,25.489199533363177,55.456104999176674,715.278444289298,42.82081109252398,81.9173931194759,0,0,5,True
2024-11-30 01:00:00,23.123329635422046,57.148738230906055,932.3530227242782,47.69475374819749,55.763113177722346,0,1,5,True
2024-11-30 02:00:00,26.38604052881035,67.22774741130026,514.1339386519148,61.797252083607106,30.96116547845335,0,2,5,True
2024-11-30 03:00:00,24.722646795335518,59.06268605031699,479.87121013713397,51.94107630953358,86.0796978119854,0,3,5,True
2024-11-30 04:00:00,24.21591546922144,59.30636863239707,724.7141261854775,44.68785705392401,75.44465287661247,0,4,5,True
2024-11-30 05:00:00,26.573513838755332,63.58005869847842,707.6331552784027,54.838766511880394,98.26850569499665,0,5,5,True
2024-11-30 06:00:00,23.94348446418586,52.08037816365692,726.0012496555612,38.977078501635766,24.012333798033964,0,6,5,True
2024-11-30 07:00:00,22.88730805545466,48.28632266128795,736.592979686275,56.81359510442948,30.309812474684954,0,7,5,True
2024-11-30 08:00:00,22.665056239714144,46.64152644783173,666.5196618047793,54.08607307701767,29.061833489335243,0,8,5,True
2024-11-30 09:00:00,25.90901492701846,39.26914728499199,923.4795157903123,46.92191528861116,81.32857908592031,0,9,5,True
2024-11-30 10:00:00,23.079355971255577,71.44965703952258,459.86440322852263,41.61414201552769,26.821656680510635,0,10,5,True
2024-11-30 11:00:00,27.63219127297655,46.17433307422654,575.725446282963,41.133190777165424,15.99938468409755,0,11,5,True
2024-11-30 12:00:00,21.877105888174416,53.22997101131382,684.511785977643,55.348173363459104,99.87047259270658,0,12,5,True
2024-11-30 13:00:00,27.544684552435058,52.785493600888636,453.5216783268749,62.28980502489062,12.233549030063422,0,13,5,True
2024-11-30 14:00:00,25.316526200803928,57.459253582472805,673.6218393351893,43.626922529712054,85.17196541429792,0,14,5,True
2024-11-30 15:00:00,24.85493033219441,61.525897700314374,949.2205248592027,54.58386703551484,42.88301573955875,0,15,5,True
2024-11-30 16:00:00,24.182621369786574,61.88378790687796,703.1329732443943,30.0,85.74539137820338,0,16,5,True
2024-11-30 17:00:00,25.598704171528105,50.33538049144849,734.6051358578026,44.153822693428005,59.91584420900305,0,17,5,True
2024-11-30 18:00:00,24.943547946362727,53.66302628970871,510.97528522411295,49.68941067129098,91.1468106537724,0,18,5,True
2024-11-30 19:00:00,26.654952823024782,57.2606396039064,607.5457887940784,40.90316583018166,93.3573687773164,0,19,5,True
2024-11-30 20:00:00,25.17134147299306,53.01047099053162,643.7205429514095,40.63493625210404,10.81883631526984,0,20,5,True
2024-11-30 21:00:00,25.225452642192817,67.85876460815994,652.3427354865648,43.322204435311136,16.787095839350943,0,21,5,True
2024-11-30 22:00:00,24.454581681679215,58.92779961310601,892.2465692505652,52.921927283263734,32.53228566137699,0,22,5,True
2024-11-30 23:00:00,24.9145815644184,60.87902228839854,783.6536591087687,48.12670981593625,70.23838747271515,0,23,5,True
